0	ChГє ГЅ!
1	ChГє ГЅ cГі lб»—i (%s) BбєЎn vui lГІng thoГЎt ra khб»Џi game
2	Co tap tin bi loi. Ban vui long cai lai tro choi
3	Kбєїt nб»‘i vб»›i mГЎy chб»§ Д‘ГЈ bб»‹ ngбєЇt
4	BбєЎn hГЈy cбє­p nhбє­t Driver mб»›i nhбєҐt cho card mГ n hГ¬nh
5	[Lб»—i 01] ChЖ°ЖЎng trГ¬nh bб»‹ nhiб»…m virus. BбєЎn cбє§n dГ№ng cГЎc chЖ°ЖЎng trГ¬nh hб»— trб»Ј diб»‡t Virus
6	[Lб»—i 02] ChЖ°ЖЎng trГ¬nh chб»‘ng hack bб»‹ ngбєЇt Д‘oбєЎn. BбєЎn vui lГІng kбєїt nб»‘i lбєЎi.
7	[Lб»—i 03] Lб»—i tбє­p tin NPX.DLL sau khi chбєЎy tбє­p tin setup.exe. BбєЎn vui lГІng gб»Ќi sб»‘ 0166.224.9787 Д‘б»ѓ Д‘Ж°б»Јc hб»— trб»Ј.
8	[Lб»—i 04] Lб»—i phГЎt sinh ngoГ i hб»‡ thб»‘ng. BбєЎn vui lГІng gб»Ќi sб»‘  0166.224.9787 Д‘б»ѓ Д‘Ж°б»Јc hб»— trб»Ј.
9	[Loi 05] BбєЎn vui lГІng nhбєҐp chuб»™t vГ o nГєt kбєїt thГєc.
10	[Lб»—i 06] Lб»—i %d!!! Vui lГІng kiб»ѓm tra tбє­p tin findhack.zip б»џ trong thЖ° mб»Ґc MU 
11	Lб»—i dб»Ї liб»‡u.
12	[Lб»—i 07] Thiбєїu tбє­p tin, bбєЎn vui lГІng tбєЈi vб»Ѓ lбєЎi б»џ trang chб»§.
13	Cбє­p nhбє­t trГІ chЖЎi bб»‹ lб»—i, bбєЎn hГЈy cбє­p nhбє­t lбєЎi.
14	Khб»џi Д‘б»™ng lбєЎi mГЎy Д‘б»ѓ hoГ n thГ nh Cбє­p nhбє­t.
15	[Lб»—i 08] Kбєїt nб»‘i vб»›i mГЎy chб»§ cбє­p nhбє­t khГґng thГ nh cГґng. Nбєїu tiбєїp tб»Ґc gбє·p lб»—i nГ y, bбєЎn vui lГІng gб»Ў bб»Џ vГ  cГ i Д‘бє·t lбєЎi MU.
16	[Lб»—i 09] PhГЎt hiб»‡n chЖ°ЖЎng trГ¬nh Hack. BбєЎn vui lГІng liГЄn hб»‡ vб»›i Admin.
17	[Lб»—i 10] KhГґng thб»ѓ lЖ°u thГґng tin vГ o Registry.
18	GulrimChe
19	Sб»± kiб»‡n
20	PhГ№ Thб»§y
21	Chiбєїn Binh
22	TiГЄn Nб»Ї
23	ДђбєҐu SД©
24	ChГєa Tб»ѓ
25	PhГЎp SЖ°
26	Kб»µ SД©
27	ThГЎnh Nб»Ї
28	Дђбє·t trЖ°б»›c: cГґng viб»‡c
29	Дђбє·t trЖ°б»›c: cГґng viб»‡c
30	Lorencia
31	Dungeon
32	Devias
33	Noria
34	Lost Tower
35	Place of Exile
36	Stadium
37	Atlans
38	Tarkan
39	QuбєЈng TrЖ°б»ќng Quб»·
40	Lб»±c mб»™t tay
41	Lб»±c hai tay
42	TбєҐn cГґng phГ©p thuбє­t
43	RбєҐt chбє­m
44	Chбє­m
45	BГ¬nh thЖ°б»ќng
46	Nhanh
47	RбєҐt nhanh
48	BДѓng
49	Дђб»™c
50	SГ©t
51	Lб»­a
52	ДђбєҐt
53	GiГі
54	NЖ°б»›c
55	Icarus
56	Huyбєїt LГўu
57	Hб»—n NguyГЄn LГўu
58	Kalima
59	CбєҐm Д‘б»‹a HoГ ng gia
60	%s khГґng thб»ѓ sб»­ dб»Ґng mГіn nГ y
61	DГ№ng cho %s
62	GiГЎ mua: %s
63	GiГЎ bГЎn: %s
64	Tб»‘c Д‘б»™: %d
65	Lб»±c chб»‘ng Д‘б»Ў: %d
66	Sб»©c chб»‘ng phГ©p: %d
67	KhбєЈ nДѓng phГІng vб»‡: %d
68	Tб»‘c Д‘б»™ di chuyб»ѓn: %d
69	Sб»‘ lЖ°б»Јng: %d
70	HP: %d
71	Дђб»™ bб»Ѓn: [%d / %d]
72	%s Chб»‘ng Д‘б»Ў: %d
73	Sб»©c mбєЎnh yГЄu cбє§u: %d
74	(BбєЎn cбє§n cГі thГЄm %d Д‘iб»ѓm nб»Їa)
75	Nhanh nhбє№n yГЄu cбє§u: %d
76	CбєҐp Д‘б»™ yГЄu cбє§u: %d
77	NДѓng lЖ°б»Јng yГЄu cбє§u: %d
78	TДѓng tб»‘c Д‘б»™ di chuyб»ѓn
79	TДѓng %d%% phГ©p thuбє­t
80	Tuyб»‡t chiГЄu PhГІng thб»§ (Mana: %d)
81	Tuyб»‡t chiГЄu Дђб»‹a chбєҐn (Mana: %d)
82	Tuyб»‡t chiГЄu ДђГўm (Mana: %d)
83	Tuyб»‡t chiГЄu ChГ©m xoГЎy lГЄn (Mana: %d)
84	Tuyб»‡t chiГЄu ChГ©m xoГЎy (Mana: %d)
85	Tuyб»‡t chiГЄu ChГ©m ГЎnh sГЎng (Mana: %d)
86	Tuyб»‡t chiГЄu liГЄn hoГ n (Mana: %d)
87	May mбєЇn (Tб»‰ lб»‡ thГ nh cГґng Ngб»Ќc TГўm Linh +25%%)
88	Sб»©c Д‘ГЎnh tДѓng +%d
89	Lб»±c Д‘ГЎnh phГ©p thuбє­t +%d
90	KhбєЈ nДѓng phГІng vб»‡ tДѓng +%d
91	Sб»©c chб»‘ng Д‘б»Ў tДѓng +%d
92	Tб»± Д‘б»™ng phб»Ґc hб»“i %d%% HP
93	TДѓng tб»‘c Д‘б»™ bЖЎi
94	May mбєЇn (Tб»‰ lб»‡ gГўy sГЎt thЖ°ЖЎng tб»‘i Д‘a +5%%)
95	Дђб»™ bб»Ѓn: [%d]
96	KhбєЈ nДѓng sб»­ dб»Ґng khi chuyб»ѓn Д‘б»™ng
97	KhбєЈ nДѓng Д‘ГЎnh phГ©p thuбє­t: %d ~ %d
98	Sб»©c mбєЎnh cГє chГ©m (Mana: %d)
99	CГі thб»ѓ kбєїt hб»Јp tбєЎo ra Combo
100	Zen
101	TrГЎi tim
102	tuyб»‡t chiГЄu
103	Nhбє«n biбєїn hГ¬nh
104	Vбє­t phбє©m sб»± kiб»‡n
105	NgГґi sao may mбєЇn
106	PhГЎo hoa
107	TrГЎi tim tГ¬nh yГЄu
108	RЖ°б»Јu tГ¬nh
109	Huy chЖ°ЖЎng BбєЎc
110	Huy chЖ°ЖЎng VГ ng
111	Hб»™p cб»§a Vua
112	Nбєїu nГ©m ra Д‘бєҐt sбєЅ cГі phбє§n thЖ°б»џng
113	[Zen/Ngб»Ќc/Дђб»“ vбє­t]
114	Chб»‰ rб»›t mб»™t loбєЎi vбє­t phбє©m
115	Hб»™p Kundun
116	Hб»™p kб»· niб»‡m
117	TrГЎi tim ChГєa tб»ѓ
118	BГЎnh Trung Thu
119	TГ¬m gбє·p NPC trao Д‘б»•i
120	CГЎch sб»­ dб»Ґng cГЎc phГ­m chб»©c nДѓng
121	F1: GiГєp Д‘б»Ў: TбєЇt/Mб»џ
122	F2: Chбєї Д‘б»™ nГіi chuyб»‡n chung TбєЇt/Mб»џ
123	F3: Chбєї Д‘б»™ nГіi chuyб»‡n riГЄng TбєЇt/Mб»џ
124	F4: Дђiб»Ѓu chб»‰nh cб»­a sб»• nГіi chuyб»‡n lб»›n nhб»Џ
125	Enter: Mб»џ/ДђГіng cб»­a sб»• ChГЎt
126	C: Mб»џ cб»­a sб»• xem thГґng tin nhГўn vбє­t
127	I,V: Mб»џ thГ№ng Д‘б»“
128	P: Mб»џ cб»­a sб»• NhГіm
129	G: Cб»­a sб»• Hб»™i
130	Q: Sб»­ dб»Ґng bГ¬nh tДѓng MГЎu
131	W: Sб»­ dб»Ґng bГ¬nh tДѓng NДѓng lЖ°б»Јng
132	E: Sб»­ dб»Ґng bГ¬nh thuб»‘c giбєЈi Д‘б»™c
133	Shift: Cб»‘ Д‘б»‹nh nhГўn vбє­t
134	Ctrl+PhГ­m sб»‘: CГ i phГ­m nГіng cho tuyб»‡t chiГЄu
135	PhГ­m sб»‘: Chб»Ќn tuyб»‡t chiГЄu Д‘б»ѓ sб»­ dб»Ґng
136	Alt: Hiб»‡n tГЄn vбє­t dб»Ґng rЖЎi trГЄn mбє·t Д‘бєҐt
137	Alt+VЕ© khГ­: Chб»Ќn vЕ© khГ­ theo thб»© tб»± Ж°u tiГЄn
138	Ctrl+NhГўn vбє­t: Дђб»ѓ giбєїt ngЖ°б»ќi
139	PrintScreen: Chб»Ґp бєЈnh
140	CГЎch sб»­ dб»Ґng chбєї Д‘б»™ trГІ chuyб»‡n riГЄng
141	Tab: Chuyб»ѓn vГ o cб»­a sб»• Д‘Дѓng nhбє­p, chuyб»ѓn qua chбєї Д‘б»™ nГіi chuyб»‡n riГЄng
142	NhбєҐp chuб»™t phбєЈi vГ o tГЄn ngЖ°б»ќi nГіi trГЄn bбєЈng nГіi chuyб»‡n Д‘б»ѓ nhбєЇn tin lбєЎi
143	PhГ­m mЕ©i tГЄn lГЄn: Xem lбєЎi Д‘oбєЎn nГіi chuyб»‡n
144	PageUP, PageDN: Xem thГґng tin cЕ© trong bбєЈng trГІ chuyб»‡n
145	ДђГЎnh dбєҐu ~ trЖ°б»›c cГўu nГіi Д‘б»ѓ nГіi chuyб»‡n vб»›i thГ nh viГЄn trong NhГіm
146	ДђГЎnh dбєҐu @ trЖ°б»›c cГўu nГіi Д‘б»ѓ nГіi chuyб»‡n vб»›i thГ nh viГЄn trong Hб»™i
147	ДђГЎnh dбєҐu @> dГ№ng Д‘б»ѓ Chб»§ hб»™i thГґng bГЎo trong hб»™i
148	ДђГЎnh dбєҐu # trЖ°б»›c cГўu nГіi Д‘б»ѓ cГўu nГіi hiб»‡n ra trong thб»ќi gian lГўu hЖЎn
149	/trade (tГЄn nhГўn vбє­t): Giao dб»‹ch 
150	/party (tГЄn nhГўn vбє­t): Дђб»ѓ tбєЎo NhГіm
151	Chб»‰ chuб»™t vГ o Chб»§ Hб»™i sau Д‘Гі Д‘ГЎnh /guild: Дђб»ѓ xin vГ o Hб»™i
152	/war TГЄn Hб»™i: Дђб»ѓ thГЎch Д‘бєҐu giб»Їa cГЎc hб»™i
153	/(TГЄn vЕ© khГ­): ThГґng tin vЕ© khГ­
154	/move (TГЄn vГ№ng Д‘бєҐt): Дђб»ѓ di chuyб»ѓn Д‘бєїn vГ№ng Д‘бєҐt Д‘Гі
155	/filter Tб»«1 Tб»«2: Chб»‰ xem Д‘Ж°б»Јc nhб»Їng tб»« Д‘ГЈ chб»Ќn
156	Chб»‰nh to nhб»Џ cб»­a sб»• nГіi chuyб»‡n bбє±ng nГєt ENTER sau Д‘Гі F5
157	Sau %d giГўy nб»Їa, bбєЎn sбєЅ di chuyб»ѓn Д‘бєїn vГ№ng Д‘бєҐt khГЎc
158	%s bГ№a vб»Ѓ thГ nh
159	ThГґng tin tГ­nh nДѓng
160	TГ­nh nДѓng
161	CбєҐp Д‘б»™
162	Sб»©c tбєҐn cГґng
163	PhГ©p thuбє­t
164	Sб»©c phГІng vб»‡
165	KhбєЈ nДѓng phГІng vб»‡
166	Sб»©c mбєЎnh
167	Nhanh nhбє№n
168	NДѓng lЖ°б»Јng
169	Thб»ѓ lб»±c
170	PhГ©p thuбє­t: %d ~ %d
171	Hб»“i phб»Ґc HP: %d
172	TДѓng khбєЈ nДѓng phГІng vб»‡: %d
173	TДѓng khбєЈ nДѓng tбєҐn cГґng: %d
174	KhoбєЈng cГЎch sб»­ dб»Ґng: %d
175	Mana: %d
176	 + Tuyб»‡t chiГЄu
177	 + TГ­nh nДѓng
178	 + May mбєЇn
179	Vбє­t cЖ°б»Ўi
180	Hб»™i
181	BбєЎn muб»‘n trб»џ thГ nh chб»§ Hб»™i khГґng?
182	TГЄn Hб»™i
183	Vui lГІng chб»Ќn mГ u bГЄn dЖ°б»›i
184	Д‘б»ѓ thiбєїt kбєї biб»ѓu tЖ°б»џng
185	BбєЎn chЖ°a tham gia vГ o Hб»™i
186	Nбєїu bбєЎn muб»‘n gia nhбє­p Hб»™i
187	Chб»‰ chuб»™t vГ o chб»§ Hб»™i rб»“i Д‘ГЎnh /guild
188	GiбєЈi tГЎn
189	ThoГЎt khб»Џi Hб»™i
190	ThГґng tin NhГіm
191	Chб»‰ chuб»™t vГ o ngЖ°б»ќi muб»‘n mб»ќi vГ o
192	Sau Д‘Гі gГµ /party
193	Nбєїu Д‘б»‘i phЖ°ЖЎng chбєҐp nhбє­n thГ¬ NhГіm sбєЅ Д‘Ж°б»Јc tбєЎo
194	Nбєїu thГ nh lбє­p NhГіm thГ¬ Д‘iб»ѓm kinh nghiб»‡m
195	sau khi giбєїt quГЎi vбє­t sбєЅ Д‘Ж°б»Јc chia ra
196	TГ№y theo cбєҐp Д‘б»™ cб»§a tб»«ng nhГўn vбє­t mГ 
197	Д‘iб»ѓm kinh nghiб»‡m nhбє­n Д‘Ж°б»Јc sбєЅ khГЎc nhau
198	Chi phГ­
199	Дђiб»ѓm dЖ°: %d / %d
200	CбєҐp Д‘б»™: %d
201	Kinh nghiб»‡m: %u / %u
202	Sб»©c mбєЎnh: %d
203	SГЎt thЖ°ЖЎng: %d ~ %d (%d)
204	Sб»©c Д‘ГЎnh: %d ~ %d
205	Nhanh nhбє№n: %d
206	PhГІng thб»§: %d (%d + %d)
207	PhГІng thб»§: %d (+%d)
208	PhГІng thб»§: %d (%d)
209	PhГІng thб»§: %d
210	Thб»ѓ lб»±c: %d
211	LЖ°б»Јng mГЎu: %d / %d
212	NДѓng lЖ°б»Јng: %d
213	Mana: %d / %d
214	Nб»™i lб»±c: %d / %d
215	PhГ©p thuбє­t: %d ~ %d (+%d)
216	Sб»©c Д‘ГЎnh phГ©p thuбє­t: %d ~ %d
217	Дђiб»ѓm: %d
218	ChГє thГ­ch:
219	[Zen cГі thб»ѓ chuyб»ѓn hГіa thГ nh Rena]
220	ДђГіng/Mб»џ cб»­a sб»• Hб»™i (G)
221	ДђГіng/Mб»џ cб»­a sб»• NhГіm (P)
222	ДђГіng/Mб»џ cб»­a sб»• nhГўn vбє­t(C)
223	Trang bб»‹
224	Zen
225	ДђГіng/Mб»џ thГ№ng Д‘б»“ (I,V)
226	Giao dб»‹ch
227	Giao dб»‹ch bбє±ng Zen
228	XГЎc nhбє­n
229	Hб»§y bб»Џ
230	NgЖ°б»ќi bГЎn
231	Mua(B)
232	Ban(S)
233	Sб»­a chб»Їa(L)
234	Kho Д‘б»“
235	Gб»­i tiб»Ѓn
236	LбєҐy tiб»Ѓn
237	Sб»­a toГ n bб»™ (Shift+L)
238	PhГ­ sб»­a chб»Їa %s
239	Sб»­a toГ n bб»™
240	Дђang mб»џ
241	Дђang khГіa
242	ДђГіng/Mб»џ thГ№ng Д‘б»“
243	бє¤n nГєt chб»Ќn con sб»‘ may mбєЇn
244	NhбєҐn nГєt Д‘Дѓng kГЅ tГЄn
245	[Sб»‘ biб»ѓu thб»©c yГЄu cбє§u]
246	LЕ©y tГ­ch
247	Con sб»‘ may mбєЇn
248	/war
249	/battlesoccer
250	Thay Д‘б»•i б»‘ng cung tГЄn
251	ДђГЈ hбєїt cung tГЄn
252	BбєЎn phбєЈi Д‘Гіng thГ№ng Д‘б»“, sau Д‘Гі mб»›i cГі thб»ѓ dб»‹ch chuyб»ѓn
253	CбєҐp Д‘б»™ cб»§a bбєЎn phбєЈi Д‘б»§ %d mб»›i cГі thб»ѓ dб»‹ch chuyб»ѓn
254	/guild
255	BбєЎn Д‘ГЈ gia nhбє­p Hб»™i nГ y
256	/party
257	BбєЎn Д‘ГЈ vГ o nhГіm nГ y
258	/warp
259	/trade
260	/move
261	BбєЎn khГґng thб»ѓ sб»­ dб»Ґng Kб»і LГўn khi б»џ Atlans
262	PhбєЈi rб»ќi khб»Џi NhГіm mб»›i cГі thб»ѓ bЖ°б»›c vГ o Atlans
263	BбєЎn phбєЈi sб»­ dб»Ґng CГЎnh, ГЃo choГ ng hoбє·c QuГЎi Дђiб»ѓu mб»›i cГі thб»ѓ Д‘бєїn Icarus
264	/whisperoff
265	/whisperon
266	PhГ­ giб»Ї Д‘б»“
267	KhГґng nhбє­n tin nhбєЇn riГЄng
268	BбєЇt Д‘бє§u nhбєЇn tin nhбєЇn riГЄng
269	KhГґng thб»ѓ quДѓng mГіn Д‘б»“ nГ y
270	Xin chao
271	Chao ban
272	Chao
273	Hi
274	Hello
275	Chao nguoi dep
276	Bye
277	Chao chang trai
278	Chao Nobita
279	Tam biet
280	Vinh biet
281	Hoan ho
282	Chuc mung
283	Tot qua
284	Wow
285	Chuc mung
286	Oops
287	Here
288	Come
289	Wait
290	Wa day
291	Rush
292	O day ne
293	Qua kia
294	Theo tui
295	Ben nay
296	Khong
297	Ben kia
298	Ko
299	Thoi
300	Dung giet nha
301	Dung ma
302	No
303	Sorry
304	Xin loi
305	Ec
306	Buon
307	Khoc
308	Ngheo
309	T_T
310	Hm
311	hohoho
312	^_^
313	Hoho
314	huhu
315	hehe
316	hihi
317	Chien thang
318	Yeah
319	Yahoo
320	Win
321	Vo dich
322	Oh
323	Won
324	Thang roi
325	bum
326	met
327	buon ngu
328	ngap
329	di ngu
330	lanh
331	tot
332	Lanh
333	Dau
334	grr
335	nua ha
336	chac chan
337	Dung
338	Good
339	Recommend
340	Quy phuc
341	That bai
342	Trung thanh
343	Tuan lenh
344	Xong len
345	Tien len
346	Dang kia
347	Xung phong
348	Troi oi
349	Potay
350	YГЄu cбє§u cбєҐp Д‘б»™ %d trб»џ lГЄn
351	CГІn: %d (%d) mЕ©i tГЄn cung
352	CГІn: %d (%d) mЕ©i tГЄn nб»Џ
353	Thбє§n hб»™ mб»‡nh
354	QuГЎi Д‘iб»ѓu
355	Kб»і LГўn
356	HP Linh Vбє­t
357	Kinh nghiб»‡m: %d / %d
358	LЖ°б»Јng mГЎu: %d / %d
359	Mana: %d / %d
360	Nб»™i lб»±c: %d
361	NhГіm (P)
362	ThГґng tin cГЎ nhГўn (C)
363	ThГ№ng Д‘б»“ (I,V)
364	Bang - Hб»™i (G)
365	
366	
367	HГЈy chб»Ќn vГ  Д‘б»Јi Д‘б»‘i phЖ°ЖЎng
368	CбєҐp Д‘б»™
369	~ %d
370	
371	HГ ng hГіa Д‘ang giao dб»‹ch
372	Д‘ГЈ bб»‹ thay Д‘б»•i
373	Nбєїu bбєЎn Д‘б»“ng ГЅ tiбєїp tб»Ґc giao dб»‹ch thГ¬
374	vui lГІng bбєҐm xГЎc nhбє­n!
375	ThГ№ng Д‘б»“ Д‘ГЈ Д‘бє§y!
376	BбєЎn muб»‘n dГ№ng BГ¬nh nЖ°б»›c phГ©p?
377	ДђГЈ tДѓng %s Д‘iб»ѓm vГ o %d
378	Sб»­ dб»Ґng BГ¬nh nЖ°б»›c phГ©p thбєҐt bбєЎi
379	%s GiбєЈm vГ  thu hб»“i %d Д‘iб»ѓm %s
380	CГІn %d giГўy Д‘б»ѓ thoГЎt khб»Џi trГІ chЖЎi
381	ThoГЎt khб»Џi trГІ chЖЎi
382	Chб»Ќn mГЎy chб»§
383	Chб»Ќn nhГўn vбє­t
384	Hб»§y bб»Џ
385	TГ№y chб»Ќn chб»©c nДѓng
386	TбєҐn cГґng tб»± Д‘б»™ng
387	Hiб»ѓn thб»‹ tin nhбєЇn
388	ДђГіng lбєЎi
389	Г‚m lЖ°б»Јng
390	Vui lГІng nhбє­p Г­t nhбєҐt 4 kГЅ tб»±
391	KhГґng thб»ѓ dГ№ng kГЅ tб»± Д‘бє·c biб»‡t
392	KГЅ tб»± nГ y khГґng thб»ѓ sб»­ dб»Ґng
393	Дђang Д‘Ж°б»Јc sб»­ dб»Ґng
394	KhГґng thб»ѓ tГ¬m thбєҐy nhГўn vбє­t nГ y
395	TГЄn tГ i khoбєЈn Д‘ГЈ cГі ngЖ°б»ќi dГ№ng
396	KhГґng thб»ѓ tбєЎo thГЄm nhГўn vбє­t mб»›i
397	Vui lГІng nhбє­p sб»‘ ID cб»§a bбєЎn nбєїu muб»‘n xГіa %s
398	PhбєЈi nhбє­p Kб»№ sб»‘ sau kГЅ tб»±
399	LЖ°u ГЅ!
400	KhГґng thб»ѓ xГіa nhГўn vбє­t cГі cбєҐp Д‘б»™ cao
401	Mбє­t mГЈ khГґng Д‘Гєng!
402	Kбєїt nб»‘i vб»›i mГЎy chб»§ Д‘ГЈ bб»‹ ngбєЇt
403	Vui lГІng nhбє­p tГЄn tГ i khoбєЈn
404	Vui lГІng nhбє­p mбє­t khбє©u
405	PhiГЄn bбєЈn khГґng phГ№ hб»Јp
406	vui lГІng cбє­p nhбє­t phiГЄn bбєЈn mб»›i
407	Mбє­t khбє©u khГґng phГ№ hб»Јp
408	TГ i khoбєЈn bб»‹ tбєЎm khГіa!
409	Tб»± Д‘б»™ng ngбєЇt kбєїt nб»‘i nбєїu Д‘Дѓng nhбє­p thбєҐt bбєЎi 3 lбє§n liГЄn tiбєїp
410	Thб»ќi gian cho phГ©p Д‘ГЈ hбєїt
411	Thб»ќi gian cГІn lбєЎi Д‘ГЈ hбєїt
412	Thб»ќi gian cho phГ©p cб»§a IP nГ y Д‘ГЈ hбєїt
413	Thб»ќi gian cГІn lбєЎi cб»§a IP nГ y Д‘ГЈ hбєїt
414	BбєЎn hГЈy thб»­ lбєЎi lбє§n nб»Їa!
415	TГ i khoбєЈn Д‘ang Д‘Ж°б»Јc sб»­ dб»Ґng
416	Oops! MГЎy chб»§ Д‘ГЈ Д‘бє§y vui lГІng thб»­ lбєЎi!
417	TГ i khoбєЈn Д‘ГЈ bб»‹ khГіa!
418	%s
419	Gб»­i yГЄu cбє§u giao dб»‹ch vб»›i bбєЎn
420	Nhбє­p sб»‘ tiб»Ѓn muб»‘n Gб»­i
421	Nhбє­p sб»‘ tiб»Ѓn muб»‘n lбєҐy
422	Nhбє­p sб»‘ tiб»Ѓn giao dб»‹ch
423	KhГґng Д‘б»§ Д‘iб»Ѓu kiб»‡n. Quay lбєЎi sau!
424	KhГґng thб»ѓ chuyб»ѓn nhiб»Ѓu hЖЎn 50 triб»‡u Zen 1 lбє§n
425	Gб»­i yГЄu cбє§u tбєЎo NhГіm
426	TбєЎo biб»ѓu tЖ°б»Јng cho Hб»™i
427	Nhбє­p mГЈ sб»‘ bГ­ mбє­t Д‘б»ѓ thoГЎt khб»Џi Hб»™i
428	Chб»‰ nhбє­p Д‘Ж°б»Јc cГЎc Chб»Ї sб»‘
429	Xin gia nhбє­p vГ o Hб»™i.
430	%s Д‘ГЈ gia nhбє­p Hб»™i
431	BбєЎn Д‘ГЈ lГ  thГ nh viГЄn cб»§a Hб»™i
432	BбєЎn nhбє­n Д‘Ж°б»Јc lб»ќi ThГЎch Д‘бєҐu
433	KhГґng cГі thГґng tin liГЄn quan
434	NhГўn vбє­t Д‘ГЈ bб»‹ khГіa!
435	YГЄu cбє§u: CбєҐp Д‘б»™ 15 trб»џ lГЄn mб»›i sб»­ dб»Ґng Д‘Ж°б»Јc
436	CГЎc mГіn Д‘б»“ trong tГ i khoбєЈn nГ y Д‘ang tбєЎm khГіa Д‘б»ѓ Д‘iб»Ѓu tra.
437	Vui lГІng kiб»ѓm tra thГґng tin trГЄn Hб»‡ thб»‘ng 1- ChбєЎm tбєЎi trang chб»§ MU
438	VГ¬ Hб»™i Д‘ГЈ bб»‹ hб»§y bб»Џ nГЄn khГґng thб»ѓ xГіa nhГўn vбє­t Д‘Ж°б»Јc
439	CГЎc mГіn Д‘б»“ cб»§a nhГўn vбє­t Д‘ГЈ bб»‹ khГіa.
440	Mбє­t khбє©u khГґng Д‘Гєng
441	NhГ  kho Д‘ГЈ Д‘Ж°б»Јc khГіa lбєЎi!!
442	KhГґng nhбє­p 4 kГЅ tб»± giб»‘ng nhau
443	Vui lГІng nhбє­p mГЈ sб»‘ bГ­ mбє­t Д‘б»ѓ khГіa Kho Д‘б»“
444	Vui lГІng nhбє­p Kб»№ sб»‘ sau cГЎc KГЅ hiб»‡u toГЎn hб»Ќc
445	Mбє­t khбє©u khГґng chГ­nh xГЎc
446	BбєЎn khГґng thб»ѓ sб»­ dб»Ґng б»џ cбєҐp Д‘б»™ nГ y
447	Дђб»“ng ГЅ vб»›i cГЎc Д‘iб»Ѓu kiб»‡n trГЄn
448	BбєЎn muб»‘n kбєїt nб»‘i Д‘бєїn mГЎy chб»§ khГЎc?
449	Hб»§y bб»Џ hoбє·c rб»ќi khб»Џi Hб»™i
450	TГ i khoбєЈn
451	Mбє­t khбє©u
452	Kбєїt nб»‘i
453	ThoГЎt
454	(c) 2011 - BбєЈn quyб»Ѓn thuб»™c Webzen.
455	 PhГЎt triб»ѓn bб»џi : Team MU Online VN
456	PhiГЄn bбєЈn %s
457	Vбє­n hГ nh
458	MU Season 6.3
459	%s: Д‘Ж°б»Јc chб»Ґp tбєЎi mГЎy chб»§
460	[MГЎy chб»§ %s-%d (Non-PvP)]
461	[MГЎy chб»§ %s-%d]
462	1) Sau khi da dang nhap vao may con
463	, ban khong the chon may chu khac
464	2) Neu ket noi den may chu con khac thi
465	tat ca cac mon do va thong tin trong
466	tai khoan cua nhan vat se di chuyen
467	toi may chu con do
468	3) Sau khi xac nhan den may chu khac
469	thi tro choi se duoc tu dong ngat ket noi
470	Дђang kбєїt nб»‘i vб»›i mГЎy chб»§
471	Vui lГІng chб»ќ trong giГўy lГЎt
472	XГЎc nhбє­n tГ i khoбєЈn
473	Vui lГІng chб»ќ trong giГўy lГЎt
474	KhГґng thб»ѓ sб»­ dб»Ґng khi Д‘ang giao dб»‹ch hoбє·c sб»­ dб»Ґng nhГ  kho
475	Gб»­i yГЄu cбє§u Giao dб»‹ch Д‘бєїn %s
476	Gб»­i yГЄu cбє§u tбєЎo NhГіm Д‘бєїn %s
477	Gб»­i yГЄu cбє§u gia nhбє­p Hб»™i Д‘бєїn %s
478	CбєҐp Д‘б»™ 6 trб»џ lГЄn mб»›i cГі thб»ѓ sб»­ dб»Ґng tГ­nh nДѓng kбєїt bбєЎn
479	CбєҐp Д‘б»™ 6 trб»џ lГЄn mб»›i cГі thб»ѓ sб»­ dб»Ґng chб»©c nДѓng nhбєЇn tin
480	Kбєїt quбєЈ HГІa!!!
481	ДђГЈ kбєїt nб»‘i vб»›i mГЎy chб»§
482	KhГґng cГі ngЖ°б»ќi sб»­ dб»Ґng
483	ThГґng bГЎo trong Hб»™i: %s
484	ChГ o mб»«ng bбєЎn Д‘бєїn vб»›i 
485	 / 
486	BбєЎn nhбє­n Д‘Ж°б»Јc %d Д‘iб»ѓm kinh nghiб»‡m
487	NgЖ°б»ќi hГ№ng
488	NgЖ°б»ќi bГ¬nh thЖ°б»ќng
489	Ngб»™ sГЎt
490	SГЎt nhГўn
491	Cuб»“ng sГЎt
492	Hб»§y giao dб»‹ch
493	BбєЎn khГґng thб»ѓ giao dб»‹ch б»џ tГ¬nh trбєЎng nГ y
494	Hб»§y bб»Џ giao dб»‹ch
495	LЖ°u ГЅ: ThГ№ng Д‘б»“ Д‘ГЈ Д‘бє§y, giao dб»‹ch bб»‹ hб»§y bб»Џ!!!
496	YГЄu cбє§u bб»‹ tб»« chб»‘i!
497	KhГґng thб»ѓ TбєЎo nhГіm
498	YГЄu cбє§u TбєЎo nhГіm bб»‹ tб»« chб»‘i
499	ThГ nh viГЄn Д‘ГЈ rб»ќi khб»Џi NhГіm
500	Дђб»‘i phЖ°ЖЎng Д‘ГЈ thoГЎt khб»Џi trГІ chЖЎi
501	Дђб»‘i phЖ°ЖЎng Д‘ГЈ gia nhбє­p NhГіm khГЎc
502	GiбєЈi tГЎn NhГіm
503	Chб»§ Hб»™i Д‘ГЈ tб»« chб»‘i yГЄu cбє§u xin gia nhбє­p cб»§a bбєЎn!
504	ChГєc mб»«ng bбєЎn Д‘ГЈ gia nhбє­p Hб»™i
505	Hб»™i Д‘ГЈ vЖ°б»Јt quГЎ sб»‘ lЖ°б»Јng thГ nh viГЄn cho phГ©p!
506	ДђГЈ thoГЎt khб»Џi trГІ chЖЎi!
507	NgЖ°б»ќi nГ y khГґng phбєЈi lГ  Chб»§ Hб»™i!
508	KhГґng thб»ѓ gia nhбє­p Hб»™i vГ o lГєc nГ y!
509	KhГґng thб»ѓ gб»­i yГЄu cбє§u gia nhбє­p!
510	Tб»« cбєҐp Д‘б»™ 6 trб»џ lГЄn mб»›i cГі thб»ѓ gia nhбє­p Hб»™i
511	ThГґng tin ID khГґng Д‘Гєng
512	ДђГЈ rб»ќi khб»Џi Hб»™i
513	Chб»‰ cГі Chб»§ Hб»™i mб»›i cГі thб»ѓ giбєЈi tГЎn Hб»™i
514	KhГґng thб»ѓ rб»ќi khб»Џi Hб»™i
515	Hб»™i Д‘ГЈ bб»‹ giбєЈi tГЎn
516	TГЄn nГ y Д‘ГЈ Д‘Ж°б»Јc sб»­ dб»Ґng
517	TГЄn Hб»™i Г­t nhбєҐt phбєЈi cГі 4 kГЅ tб»±
518	Дђб»‘i phЖ°ЖЎng Д‘ang lГ  thГ nh viГЄn cб»§a Hб»™i khГЎc
519	BбєЎn khГґng phбєЈi lГ  thГ nh viГЄn cб»§a Hб»™i
520	TuyГЄn chiбєїn vб»›i Hб»™i
521	Chб»§ Hб»™i Д‘ГЈ thoГЎt khб»Џi trГІ chЖЎi
522	Hб»™i nГ y khГґng tб»“n tбєЎi
523	KhГґng Д‘Ж°б»Јc tuyГЄn chiбєїn
524	Chб»‰ cГі chб»§ Hб»™i mб»›i cГі thб»ѓ tuyГЄn chiбєїn
525	Lб»ќi khiГЄu chiбєїn bб»‹ tб»« chб»‘i
526	%s cuб»™c chiбєїn bбєЇt Д‘бє§u
527	ThбєҐt bбєЎi!!!
528	Chiбєїn thбєЇng!!!
529	LiГЄn minh chiбєїn thбєЇng!!! (TrЖ°б»›c khi ngбєЇt kбєїt nб»‘i mГЎy chб»§)
530	LiГЄn minh thбєҐt bбєЎi!!! (TrЖ°б»›c khi ngбєЇt kбєїt nб»‘i mГЎy chб»§)
531	LiГЄn minh chiбєїn thбєЇng!!! (TrЖ°б»›c khi thoГЎt khб»Џi mГЎy chб»§)
532	LiГЄn minh thбєҐt bбєЎi!!! (TrЖ°б»›c khi thoГЎt khб»Џi mГЎy chб»§)
533	%s trбє­n Д‘бєҐt bбєЇt Д‘бє§u
534	%s dzoooooo!!!
535	ChГЄnh lб»‡ch cбєҐp Д‘б»™ giб»Їa 2 ngЖ°б»ќi chЖЎi phбєЈi nhб»Џ hЖЎn 130
536	MГіn hГ ng nГ y cГі giГЎ trб»‹ rбєҐt cao!
537	HГЈy kiб»ѓm tra lбєЎi
538	vГ  nhбєҐn OK
539	BбєЎn muб»‘n Kбєїt hб»Јp phбєЈi khГґng?
540	Hop Nhat
541	Phuc Hung
542	NORIA
543	HION (Event)
544	LOREN (Event)
545	BARUKA
546	GAION
547	JERIN
548	ERUKA
549	ANUBIS (Event)
550	KION (Event)
551	ODIN (Event)
552	KARUTA (Event)
553	AIDA
554	HERAS (Event)
555	KUNDUN
556	SELUPAN
557	EROHIM
558	TEST
559	DAU TRUONG
560	TrЖ°ng bГ y hГ ng hГіa
561	(ДђГЈ Д‘бє§y)
562	(Tiбєїp nhбє­n)
563	Sau khi kiб»ѓm tra mГЎy chб»§ hiб»‡n tбєЎi:... NgГ y... ThГЎng... NДѓm..., tбєЎo mГЎy chб»§ mб»›i
564	Sau khi kiб»ѓm tra lбєЎi mГЎy chб»§ cЕ©, hy vб»Ќng б»џ mГЎy chб»§ mб»›i sбєЅ cГі Д‘Гґng ngЖ°б»ќi chЖЎi
565	MГЎy chб»§ Maya (MГЎy chб»§ 1), ngЖ°б»ќi chЖЎi nhiб»Ѓu nhбєҐt (Thay Д‘б»•i sau khi cГі Close Beta)
566	VГ¬ Д‘Гі lГ  nЖЎi bбєЇt Д‘бє§u cho ngЖ°б»ќi mб»›i chЖЎi
567	ChГєc bбєЎn tham gia Game vui vбє»
568	BбєЎn Д‘ГЈ tham gia Hб»™i
569	BбєЎn Д‘ang cЖ°б»Ўi Kб»і Lбє§n nГЄn khГґng thб»ѓ vГ o Д‘Ж°б»Јc
570	BбєЎn thбє­t lГ  lб»‹ch sб»±, dб»… thЖ°ЖЎng...
571	Sau khi dГ№ng thГ¬ Zen hay mГіn Д‘б»“ sбєЅ rЖЎi ra Д‘бєҐt
572	DГ№ng Д‘б»ѓ tДѓng cбєҐp Д‘б»™ cб»§a mГіn Д‘б»“ lГЄn cбєҐp 6
573	DГ№ng Д‘б»ѓ tДѓng cбєҐp Д‘б»™ cб»§a mГіn Д‘б»“ lГЄn cбєҐp 7,8,9
574	RбєҐt cбє§n khi kбєїt hб»Јp item
575	HбєҐp thб»Ґ 30%% sб»©c sГЎt thЖ°ЖЎng
576	Gia tДѓng 30%% sб»©c sГЎt thЖ°ЖЎng phГ©p thuбє­t
577	Gia tДѓng %d%% sб»©c sГЎt thЖ°ЖЎng
578	HбєҐp thб»Ґ %d%% sб»©c sГЎt thЖ°ЖЎng
579	Gia tДѓng tб»‘c Д‘б»™ di chuyб»ѓn
580	%s thiбєїu nguyГЄn liб»‡u cбє§n thiбєїt
581	BбєЎn phбєЈi sбєЇp xбєїp lбєЎi thГ№ng Д‘б»“ mб»›i cГі thб»ѓ tiбєїn hГ nh Kбєїt hб»Јp
582	Sб»©c sГЎt thЖ°ЖЎng tuyб»‡t chiГЄu: %d%%
583	Ngб»Ќc Hб»—n NguyГЄn
584	Tб»‰ lб»‡ %s thГ nh cГґng: %d%%
585	%s Zen cбє§n thiбєїt: %s
586	%s bбєЇt buб»™c phбєЈi cГі Ngб»Ќc Hб»—n NguyГЄn
587	ChГєc bбєЎn may mбєЇn
588	QuГЎ trГ¬nh cГі thб»ѓ thбєҐt bбєЎi
589	HГЈy chГє ГЅ vГ o tб»· lб»‡ thГ nh cГґng!
590	ChГєc bбєЎn may mбєЇn
591	Kбєїt hб»Јp
592	Khi Hб»—n NguyГЄn LГўu Д‘Гіng cб»­a, bбєЎn sбєЅ tб»± Д‘б»™ng thoГЎt ra
593	HГЈy lбєҐy hбєїt item ra khб»Џi hб»‡ thб»‘ng chбєї tбєЎo trЖ°б»›c khi Д‘Гіng cб»­a sб»•
594	QuГЎ trГ¬nh kбєїt hб»Јp thбєҐt bбєЎi. Xin chia buб»“n
595	QuГЎ trГ¬nh Kбєїt hб»Јp thГ nh cГґng. Xin chГєc mб»«ng!!!
596	Thiбєїu Zen Д‘б»ѓ tiбєїn hГ nh Kбєїt hб»Јp
597	NgГ y Д‘Дѓng kГЅ - Thб»ќi gian hбєїt hбєЎn.
598	Thб»ќi gian Д‘Дѓng kГЅ - Thб»ќi gian cГІn lбєЎi: ДђГЈ hбєїt!
599	TГ i khoбєЈn Д‘ГЈ bб»‹ khГіa
600	PhбєЈi cung cбєҐp Д‘б»§ nguyГЄn liб»‡u mб»›i cГі thб»ѓ Kбєїt hб»Јp Д‘Ж°б»Јc
601	MГіn Д‘б»“ nГ y khГґng phГ№ hб»Јp
602	Tiбєїn hГ nh kбєїt hб»Јp
603	TбєЎo Bб»©c thЖ° Quб»·
604	NГўng cбєҐp item cбєҐp 10
605	NГўng cбєҐp item cбєҐp 11
606	NГўng cбєҐp thГ nh cГґng Д‘б»“ cбєҐp 10, 11, 12, 13
607	HГЈy chГє ГЅ!
608	CГЎc item sбєЅ khГґng cГІn nguyГЄn vбє№n nбєїu kбєїt hб»Јp thбєҐt bбєЎi.
609	Kбєїt thГєc
610	ChГє ГЅ!
611	Item sбєЅ khГґng cГІn nguyГЄn vбє№n khi kбєїt hб»Јp thбєҐt bбєЎi
612	TбєЎo ra QuГЎi Дђiб»ѓu
613	TбєЎo ra BГ¬nh nЖ°б»›c phГ©p
614	TбєЎo thГ nh CГЎnh
615	TбєЎo thГ nh ГЃo tГ ng hГ¬nh
616	Cбє§n cГі Ngб»Ќc Hб»—n NguyГЄn
617	Cбє§n thГЄm Ngб»Ќc Hб»—n NguyГЄn
618	Chбєї tбєЎo thГ nh cГґng mб»™t bб»™
619	Sб»­ dб»Ґng lГ m BГ¬nh nЖ°б»›c phГ©p
620	Дђб»“ hoГ n hбєЈo
621	TДѓng thГЄm cГЎc tГ­nh nДѓng cho mГіn Д‘б»“
622	Gia tДѓng LЖ°б»Јng HP lГЄn +4%%
623	Gia tДѓng LЖ°б»Јng Mana lГЄn +4%%
624	GiбєЈm sб»©c sГЎt thЖ°ЖЎng +4%%
625	PhбєЈn hб»“i +5%% lб»±c tбєҐn cГґng
626	KhбєЈ nДѓng trГЎnh Д‘ГІn +10%%
627	TДѓng lЖ°б»Јng Zen rЖЎi ra +30%%
628	TДѓng tб»‰ lб»‡ sГЎt thЖ°ЖЎng hoГ n hбєЈo +10%%
629	Gia tДѓng sб»©c tбєҐn cГґng +cбєҐp Д‘б»™/20
630	Gia tДѓng sб»©c sГЎt thЖ°ЖЎng +%d%%
631	Gia tДѓng phГ©p thuбє­t +cбєҐp Д‘б»™/20
632	Sб»©c sГЎt thЖ°ЖЎng phГ©p thuбє­t +%d%%
633	Gia tДѓng tб»‘c Д‘б»™ tбєҐn cГґng +%d
634	Phб»Ґc hб»“i HP khi giбєїt quГЎi vбє­t +HP/8
635	Phб»Ґc hб»“i Mana khi giбєїt quГЎi vбє­t +Mana/8
636	TДѓng Д‘iб»ѓm tб»« 1 Д‘бєїn 3
637	Chб»‰ sб»­ dб»Ґng Д‘б»ѓ tГЎi chбєї Bб»©c thЖ° Quб»·
638	Nбєїu bбєҐm phГ­m phбєЈi chuб»™t vГ o
639	sбєЅ thбєҐy thб»ќi gian cб»§a sб»± kiб»‡n
640	QuбєЈng TrЖ°б»ќng Quб»· sбєЅ Д‘Гіng cб»­a sau %d giГўy
641	QuбєЈng TrЖ°б»ќng Quб»· sбєЅ bбєЇt Д‘бє§u sau %d giГўy
642	Rб»ќi khб»Џi QuбєЈng TrЖ°б»ќng Quб»· %d
643	ДђГЈ cГі thб»ѓ Д‘бєїn QuбєЈng TrЖ°б»ќng Quб»·
644	Sau %d phГєt nб»Їa, bбєЎn cГі thб»ѓ vГ o QuбєЈng TrЖ°б»ќng Quб»·
645	QuбєЈng TrЖ°б»ќng Quб»· %d (CбєҐp Д‘б»™ %d - %d)
646	QuбєЈng TrЖ°б»ќng Quб»· %d (CбєҐp Д‘б»™ trГЄn %d)
647	Xin chГєc mб»«ng!!!
648	BбєЈng thГ nh tГ­ch cб»§a %s:
649	Tб»« cбєҐp Д‘б»™ 10 trб»џ lГЄn cГі thб»ѓ nhбє­n Д‘Ж°б»Јc bб»©c thЖ° cб»§a Quб»·
650	Lб»­a cб»§a Gorgon Д‘ang thiГЄu Д‘б»‘t sб»©c sб»‘ng cб»§a Noria!
651	Nбєїu muб»‘n biбєїt vб»Ѓ QuбєЈng TrЖ°б»ќng Quб»· hГЈy tГ¬m Д‘бєїn sб»© giбєЈ Charol б»џ thбєЈo nguyГЄn Noria
652	HГЈy mang MбєЇt Quб»· vГ  ChГ¬a KhГіa Quб»· Д‘бєїn gбє·p Golbin Д‘б»ѓ tбєЎo ra bб»©c thЖ° Quб»·
653	Hay kien nhan, nguoi se co co hoi den Quang Truong Quy
654	NgЖ°б»ќi cГі bб»©c thЖ° cб»§a Quб»· rб»“i Г ! HГЈy mang chГєng Д‘бєїn gбє·p sб»© giбєЈ Charol б»џ Noria
655	Дђб»ѓ chб»©ng tб»Џ sб»©c mбєЎnh cб»§a mГ¬nh, ngЖ°ЖЎi sбєЅ Д‘бєїn QuбєЈng TrЖ°б»ќng Quб»· chб»©?
656	HГЈy chб»©ng tб»Џ sб»©c mбєЎnh vГ  lГІng can Д‘бєЈm cб»§a ngЖ°ЖЎi
657	MбєЇt Quб»· vГ  ChГ¬a KhГіa Quб»· xuбєҐt hiб»‡n б»џ khбєЇp vГ№ng Д‘бєҐt cб»§a lб»Ґc Д‘б»‹a MU
658	NgЖ°б»ќi ta nГіi rбє±ng: ChГ¬a KhГіa Quб»· Д‘Ж°б»Јc gieo vГ o trong ngЖ°б»ќi cб»§a cГЎc qГєai vбє­t sб»‘ng б»џ cГЎc vГ№ng Д‘бєҐt cб»§a MU
659	MбєЇt Qб»§y vГ  ChГ¬a KhГіa Qб»§y vбє«n chЖ°a Д‘б»§ Д‘Гўu, hГЈy mang kГЁm Ngб»Ќc Hб»—n NguyГЄn Д‘бєїn Д‘Гўy vГ  ngЖ°ЖЎi sбєЅ cГі bб»©c thЖ° cб»§a Qб»§y.
660	Nбєїu cГі Thбє§n Hб»™ Mб»‡nh may mбєЇn bГЄn cбєЎnh, Д‘iб»Ѓu bбєҐt ngб»ќ sбєЅ Д‘бєїn vб»›i ngЖ°ЖЎi!
661	NgЖ°ЖЎi chб»‰ cГі thб»ѓ Д‘бєїn Д‘Ж°б»Јc QuбєЈng TrЖ°б»ќng Qб»§y nhб»ќ sб»± giГєp Д‘б»Ў cб»§a SЖ° gia Charol
662	MбєЇt Qб»§y vГ  ChГ¬a KhГіa Qб»§y lГ  2 nguyГЄn liб»‡u cбє§n thiбєїt Д‘б»ѓ tбєЎo ra bб»©c thЖ° cб»§a Qб»§y.
663	Tб»« cбєҐp Д‘б»™ %d trб»џ lГЄn mб»›i Kбєїt hб»Јp Д‘Ж°б»Јc Д‘б»“ Chaos
664	TбєЎo ra Д‘б»“ +%d
665	NГўng cбєҐp item cбєҐp 12
666	NГўng cбєҐp item cбєҐp 13
667	LoбєЎi item khГґng thб»ѓ cбєҐt vГ o kho hГ ng
668	LoбєЎi item khГґng thб»ѓ giao dб»‹ch
669	Thung lЕ©ng Loren
670	NgЖ°ЖЎi hГЈy thб»­ sб»©c mбєЎnh cб»§a
671	mГ¬nh, hГЈy giГ nh lбєҐy cЖЎ hб»™i qГєy
672	bГЎu nГ y, vГ¬ chЖ°a cГі ai vГ o nб»•i
673	nЖЎi nГ y cбєЈ, hГЈy tб»± tin lГЄn...
674	Thбє­t tб»‘t! Vб»›i sб»©c mбєЎnh hiб»‡n giб»ќ,
675	ngЖ°ЖЎi cГі thб»ѓ tб»± Д‘i mб»™t mГ¬nh Д‘Ж°б»Јc
676	Nhбє­p tГЄn nhГўn vбє­t
677	PhбєЈi cГі bб»©c thЖ° Quб»· mб»›i vГ o Д‘Ж°б»Јc
678	Thб»ќi gian vГ o QuбєЈng TrЖ°б»ќng Quб»· Д‘ГЈ hбєїt
679	Cб»­a vГ o QuбєЈng TrЖ°б»ќng Quб»· Д‘ГЈ Д‘Гіng
680	CбєҐp Д‘б»™
681	NhГўn vбє­t
682	Ghi Д‘iб»ѓm
683	Kinh nghiб»‡m
684	ThЖ°б»џng Zen
685	ThГґng tin
686	NgЖ°ЖЎi khiГЄm nhЖ°б»Јng quГЎ Д‘бєҐy. HГЈy chб»Ќn mб»©c Д‘б»™ cao hЖЎn Д‘i!
687	Дђб»“ng ГЅ! TГґi sбєЅ chб»Ќn cбєҐp Д‘б»™ khГЎc
688	/PhaoHoa
689	CбєҐp Д‘б»™ 15 trб»џ lГЄn cГі thб»ѓ nhбє­n Д‘Ж°б»Јc ГЃo TГ ng HГ¬nh
690	XГЎc Д‘б»‹nh mГЈ sб»‘ bГ­ mбє­t
691	XГЎc Д‘б»‹nh mГЈ sб»‘ an toГ n
692	Mб»џ khГіa nhГ  kho
693	Nhбє­p mГЈ sб»‘ bГ­ mбє­t mб»›i
694	XГЎc Д‘б»‹nh lбєЎi mГЈ sб»‘ bГ­ mбє­t mб»›i
695	Nhбє­p mГЈ sб»‘ nhГ  kho gб»“m 4 chб»Ї sб»‘
696	HГЈy nhбє­p mб»™t lбє§n nб»Їa Д‘б»ѓ xГЎc nhбє­n
697	Nhбє­p ID 7 sб»‘ б»џ phГ­a dЖ°б»›i
698	YГЄu cбє§u chб»‰ sб»‘ Mб»‡nh lб»‡nh: %d
699	Nhiб»‡m vб»Ґ
700	Ngay ... thang ... nam ... gui ...
701	Sau khi Д‘Дѓng kГЅ tГ i khб»Џan
702	bбєЎn vui lГІng vГ o trang chб»§
703	kГ­ch hoбєЎt tГ i khб»Џan
704	CГі sб»± kiб»‡n
705	Дђб»“ng Rena Д‘Ж°б»Јc Д‘Г­nh vб»›i Cung tГЄn VГ ng.
706	HoГ n chuyб»ѓn thГ nh tiб»Ѓn
707	Ngay ... gui ...
708	1 Rena = 3000 Zen
709	HoГ n chuyб»ѓn Д‘б»“ng Rena
710	Nбєїu ngЖ°ЖЎi tГ¬m Д‘Ж°б»Јc Cung tГЄn VГ ng б»џ lб»‘i vГ o cб»­a Lorencia, trГЄn Д‘Гі cГі 10 Д‘б»“ng tiб»Ѓn vГ ng Rena thГ¬ ngЖ°ЖЎi sбєЅ Д‘Ж°б»Јc nghe cГўu truyб»‡n vб»Ѓ nГі.
711	Nghe nГіi Rena lГ  nhб»Їng Д‘б»“ng tiб»Ѓn vГ ng Д‘Ж°б»Јc lГ m б»џ ThiГЄn giб»›i, trЖ°б»›c Д‘Гўy Д‘ГЈ tб»«ng cГі mбє·t trГЄn mбє·t TrГЎi Д‘бєҐt. Nбєїu ngЖ°ЖЎi mang Rena Д‘бє·t vГ o Cung tГЄn VГ ng thГ¬ ngЖ°ЖЎi sбєЅ Д‘Ж°б»Јc nhбє­n con sб»‘ cб»§a Thбє§n Rucard trГЄn Thбєї Giб»›i.
712	Sau khi KunDun hб»“i sinh, hбєіn Д‘ГЈ cГі Д‘Ж°б»Јc chiбєїc hб»™p cб»§a ThiГЄn Giб»›i. Nбєїu phГЎt hiб»‡n cГіc Rena trong Д‘Гі thГ¬ hГЈy mang Д‘бєїn cho Cung tГЄn VГ ng б»џ Lorencia. Дђбє·c biб»‡t, nбєїu mang Д‘бєїn 10 Д‘б»“ng Rena thГ¬ sбєЅ Д‘Ж°б»Јc nghe kб»ѓ vб»Ѓ nГі.
713	RбєҐt khГі Д‘б»ѓp tбє­p hб»Јp 10 Д‘б»“ng Rena, nhЖ°ng ngЖ°ЖЎi Д‘б»«ng cГі nбєЈn chГ­, vб»›i khбєЈ nДѓng cб»§a ngЖ°ЖЎi thГ¬ ngЖ°ЖЎi sбєЅ sб»›m tбє­p hб»Јp Д‘б»§ sб»‘ lЖ°б»Јng Д‘Гі thГґi
714	Trong Rena cГі chб»©a mб»™t nguб»“n sб»©c mбєЎnh rбєҐt cao. VГ¬ thбєї, trong lб»Ґc Д‘б»‹a Mu Д‘ГЈ cГі nhiб»ѓu PhГЎp sЖ° ao Ж°б»›c Д‘Ж°б»Јc sб»­ dб»Ґng nГі. Trong cГЎc PhГЎp sЖ° Д‘Гі, ДђбєЎi PhГЎp sЖ° Etramus Д‘ГЈ sб»­ dб»Ґng qua Rena
715	Nhiб»Ѓu hб»Ќc giбєЈ trГЄn Thбєї giб»›i nghiГЄm cб»©u vб»Ѓ Etramus vvГ  phГЎt hiб»‡n ra rбє±ng Гґng Д‘ГЈ nghiГЄn cб»©u vб»Ѓ sб»± tб»“n tбєЎi cб»§a ThiГЄn giб»›. Nhб»ќ Д‘Гі, hб»Ќ sб»­ dб»Ґng Rena Д‘б»ѓ khГЎm phГЎ ra bГ­ mбє­t cб»§a ThiГЄn giб»›i
716	Thбєї nhЖ°ng trГЄn lб»Ґc Д‘б»‹a MU lбєЎi phГЎt sinh chiбєїn tranh nГЄn Д‘ГЈ lГ m mбєҐt Д‘i dбєҐu vбєїt cб»§a Rena vГ  sб»± nghiГЄn cб»©u Д‘ГЈ tбєЎm ngЖ°ng tбєЎi thб»ќi Д‘iб»ѓm Д‘Гі. Ta Д‘ГЈ cб»‘ gбєЇng khГЎm phГЎ vб»Ѓ bГ­ mбє­t cб»§a ThiГЄn giб»›i vГ  truy tГ¬m Rena thбєҐt lбєЎc nhЖ°ng khГґng thГ n
717	NgЖ°ЖЎi thбєҐy Д‘Гі, sб»©c mбєЎnh cб»§a Rena lГ  cГі thбє­t. VГ¬ vбє­y, nбєїu KunDun cГі Д‘Ж°б»Јc Rena trong tay thГ¬
718	Truoc khi KunDun cГі Д‘Ж°б»Јc Rena trong tay thГ¬ chГєng ta phбєЈi tГ¬m Д‘Ж°б»Јc gЖ°ЖЎng sб»©c mбєЎnh sб»©c mбєЎnh бєҐy cГ№ng vб»›i nhб»Їng bГ­ mбє­t бє©n dбєҐu trong nГі. Bбє±ng mб»Ќi giГЎ, chГєng ta cбє§n phбєЈi tГ¬m ra Rena trЖ°б»›c KunDun
719	NgГ y 06 - 08/11, trong suб»‘t 2 ngГ y, Icarus Д‘ГЈ mб»џ ra mб»™t lб»… hб»™i
720	Sб»± kiб»‡n phГЎt hiб»‡n bГ­ mбє­t Icarus sбєЅ Д‘Ж°б»Јc tб»• chб»©c tб»« ngГ y 06/11 Д‘бєїn 08/11 8th
721	Rena Д‘Ж°б»Јc tГ¬m thбєҐy bбє±ng nhiб»Ѓu cГЎch tб»«ng hб»™p cб»§a ThiГЄn giб»›i rЖЎi xuб»‘ng Д‘бєҐt
722	Nбєїu mang Д‘б»§ 10 Rena Д‘бєїn, ngЖ°ЖЎi sбєЅ nhбє­n Д‘Ж°б»Јc lб»ќi chГєc phГєc cб»§a Rucadd.
723	Rena Д‘Ж°б»Јc chбєҐp nhбє­n sбєЅ Д‘Ж°б»Јc hoГЎn chuyб»ѓn thГ nh tiб»Ѓn
724	Дђбєїn ngГ y  08/11, ngЖ°ЖЎi sбєЅ cГі thб»ѓ chuyб»ѓn hГіa Rena November 8th to exchange Rena to Zen
725	NgЖ°ЖЎi cГі chбєЇc chбєЇn bб»Џ Rena? Rena lГ  nhб»Їng Д‘б»“ng tiб»Ѓn vГ ng Д‘Ж°б»Јc tбєЎo ra б»џ Icarus vГ  khГґng thб»ѓ sб»­ng dб»Ґng tбєЎi trГЎi Д‘бєҐt, tuy nhiГЄn nГі cГі thб»ѓ chuyб»ѓn hГіa thГ nh tiб»Ѓn
726	Khi ngЖ°ЖЎi thбєҐy NPC chб»§ quГЎn rЖ°б»Јu б»џ Lorencia nГіi 'Rena cГі thб»ѓ chuyб»ѓn thГ nh tiб»Ѓn Д‘Ж°б»Јc rб»‘i' thГ¬ ngЖ°ЖЎi hГЈy nhanh chГіng lбєҐy Rena cб»§a mГ¬nh Д‘б»ѓ chuyб»ѓn hГіa thГЎnh tiб»Ѓn.
727	Trong truyб»Ѓn thuyбєїt, nhб»Їng Д‘б»“ng tiб»Ѓn vГ ng Д‘Ж°б»Јc tбєЎo ra б»џ Icarus vГ  khГґng thб»ѓ sб»­ dб»Ґng tбєЎi trГЎi Д‘бєҐt, nhЖ°ng chГєng cГі thб»ѓ chuyб»ѓn hГіa thГ nh tiб»Ѓn.
728	Loren(new)
729	Loren lГ  tГЄn cб»§a vЖ°ЖЎng quб»‘c sinh ra nhб»Їng kб»µ sб»№ tГ i nДѓng vГ  kiбєїm thuбє­t Д‘iГЄu luyб»‡n
730	MГіn Д‘б»“ lГ m nhiб»‡m vб»Ґ
731	KhГґng thб»ѓ gб»­i vГ o HГІm Д‘б»“.
732	KhГґng dГ№ng Д‘б»ѓ trao Д‘б»•i
733	KhГґng thб»ѓ bГЎn mГіn nГ y
734	Chб»Ќn hГ¬nh thб»©c Kбєїt hб»Јp
735	Kбєїt hб»Јp bГ¬nh thЖ°б»ќng
736	TбєЎo vЕ© khГ­ Chaos
737	CбєҐp Master
738	Lб»‡nh triб»‡u hб»“i
739	TДѓng HP tб»‘i Д‘a +%d
740	TДѓng HP +%d
741	TДѓng Mana +%d
742	%d%% cЖЎ hб»™i loбєЎi bб»Џ sб»©c phГІng thб»§
743	TДѓng Nб»™i lб»±c tб»‘i Д‘a +%d
744	HбєҐp thб»Ґ sб»©c sГЎt thЖ°ЖЎng %d%%
745	KhбєЈ nДѓng Phun lб»­a (Mana:%d)
746	NhГўn vбє­t sбєЅ tДѓng thГЄm 10%%
747	Дђang cЖ°б»Ўi QuГЎi Дђiб»ѓu
748	Sб»­ dб»Ґng phЖ°ЖЎng phГЎp Kбєїt hб»Јp Д‘б»ѓ nГўng cбєҐp cГЎnh
749	Chб»‰ cГі thб»ѓ sб»­ dб»Ґng cho nhГўn vбє­t tб»« cбєҐp Д‘б»™ 10 trб»џ lГЄn
750	Mб»џ/TбєЇt chб»©c nДѓng trГІ chuyб»‡n (F2)
751	Hiб»‡u chб»‰nh Д‘б»™ lб»›n nhб»Џ cб»§a khung TrГІ chuyб»‡n (F4)
752	Hiб»‡u chб»‰nh Д‘б»™ trong suб»‘t
753	Lб»‡nh Filter
754	Lб»Ќc tб»« ngб»Ї
755	Lб»‡nh Filter Д‘ГЈ Д‘Ж°б»Јc thiбєїt lбє­p
756	Lб»‡nh Filter Д‘ГЈ Д‘Ж°б»Јc hб»§y bб»Џ
757	Дђбє·t trЖ°б»›c: Cб»­a sб»• Chat
758	Дђбє·t trЖ°б»›c: Cб»­a sб»• Chat
759	Дђбє·t trЖ°б»›c: Cб»­a sб»• Chat
760	Nhб»Їng lб»—i phГЎt sinh trong Game sбєЅ gГўy ra thiб»‡t hбєЎi cho ngЖ°б»ќi chЖЎi
761	[Loi 21] Neu van con phat sinh loi nay, ban vui long cai dat lai game
762	[Loi 22] Ban vui long thu lai mot lan nua
763	[Loi 23] Neu van con phat sinh loi nay, ban vui long cai dat lai game
764	[Loi 24] Chuong trinh bi loi. Ban vui long cai dat lai game
765	[Loi 25] Phat hien %s chuong trinh hack. Game se tu dong thoat
766	[Loi 26] Phat hien %s chuong trinh hack. Game se tu dong thoat
767	[Loi 27] Thieu tap tin. Ban vui long cai dat lai game
768	[Loi 28] Tap tin lien quan da bi loi. Game se tu dong thoat
769	[Loi 29] Tap tin lien quan da bi loi. Game se tu dong thoat
770	[Loi 30] Khong tim thay tap tin lien quan. Game se tu dong thoat
771	[Loi 31] Chuong trinh phat sinh loi. Game se tu dong thoat
772	[Loi 32] Tap tin trong game da bi loi
773	Dat: MFGS
774	Dat : MFGS
775	Dat : MFGS
776	Dat : MFGS
777	Dat : MFGS
778	Dat : MFGS
779	Dat : MFGS
780	/Keo
781	/Bao
782	/Bua
783	Hustle
784	Дђбє·t trЖ°б»›c: Chб»©c nДѓng biб»ѓu cбєЈm
785	Дђбє·t trЖ°б»›c: Chб»©c nДѓng biб»ѓu cбєЈm
786	Дђбє·t trЖ°б»›c: Chб»©c nДѓng biб»ѓu cбєЈm
787	Дђбє·t trЖ°б»›c: Chб»©c nДѓng biб»ѓu cбєЈm
788	Дђбє·t trЖ°б»›c: Chб»©c nДѓng biб»ѓu cбєЈm
789	Дђбє·t trЖ°б»›c: Chб»©c nДѓng biб»ѓu cбєЈm
790	[Loi 1001]: Vui long dang nhap lai
791	[Loi 1002]: Da ngat lien lac voi Chuong trinh bao ve
792	[Loi 1003-%d]: Neu van con phat sinh loi nay, ban hay copy tap tin erl o thu muc GameGuard va gui cho chung toi qua dia chi email webmaster@muonline.vn
793	[Loi 1004]: Toc do game khong binh thuong. Game se tu dong ngung
794	[Loi 1005]: Toc do game khong binh thuong %d. Game se tu dong ngung
795	[Loi 1006]: Game hoac GameGuard dang hoat dong. Ban vui long thu lai
796	[Loi 1007]: Phat hien chuong trinh khong hop le. Ban vui long dung tat ca cac chuong trinh do va dang nhap lai vao game
797	[Loi 1008]: Tap tin cua Windows bi loi
798	[Loi 1009]: GameGuard khong hoat dong. Vui long thiet lap lai tap tin Set Off GameGuard
799	[Loi 1010]: Chuong trinh game hoac GameGuard da bi thay doi
800	[Loi 1011-%d]: Neu van con phat sinh loi nay, ban hay copy tap tin erl o thu muc GameGuard va gui cho chung toi qua dia chi email webmaster@muonline.vn
801	Dat : GameGuard
802	Dat : GameGuard
803	Dat : GameGuard
804	Dat : GameGuard
805	Dat : GameGuard
806	Dat : GameGuard
807	Dat : GameGuard
808	Dat : GameGuard
809	VЕ© khГ­ cб»§a ThiГЄn thбє§n
810	Phiбєїn Д‘ГЎ
811	Gбє­y Hб»Џa Long
812	ThiГЄn Tб»­ Kiбєїm
813	DГ№ng Д‘б»ѓ tham gia cГЎc sб»± kiб»‡n cб»§a game
814	Sб»­ dб»Ґng Д‘б»ѓ vГ o Huyбєїt LГўu
815	LбєҐy vГ  mang Д‘бєїn cho Tб»•ng ThiГЄn Sб»© sбєЅ nhбє­n Д‘Ж°б»Јc phбє§n thЖ°б»џng xб»©ng Д‘ГЎng
816	Cбє§n phбєЈi kбєїt hб»Јp cГЎc nguyГЄn liб»‡u theo yГЄu cбє§u mб»›i cГі Д‘Ж°б»Јc ГЃo tГ ng hГ¬nh
817	Nб»Џ Hб»Џa Long
818	Nut dang ky
819	So Phien da tim duoc
820	Tinh so Phien da da nop
821	So Phien da duoc tinh ke tu sau ngay 14-10
822	Co kha nang su dung HomePage
823	 
824	%s sбєЅ Д‘Гіng cб»­a sau: %d giГўy
825	%s sбєЅ bбєЇt Д‘бє§u sau: %d giГўy
826	TбєЎm ngб»«ng trбє­n Д‘бєҐu %s (sau: %d giГўy)
827	%s Ngб»«ng trбє­n chiбєїn (sau: %d giГўy)
828	BЖ°б»›c vГ o trбє­n chiбєїn %s (sau %d giГўy)
829	Mб»™t ngГ y nбєїu quГЎ %d thГ¬ khГґng thб»ѓ Д‘i tiбєїp
830	BбєЎn Д‘ang sб»џ hб»Їu ГЃo tГ ng hГ¬nh, vui lГІng Д‘б»Јi Huyбєїt LГўu mб»џ cб»­a
831	KhГґng thб»ѓ bЖ°б»›c vГ o Huyбєїt LГўu khi khГґng cГі ГЃo tГ ng hГ¬nh
832	HГЈy cбє­n thбє­n! VГ¬ Huyбєїt LГўu lГ  mб»™t nЖЎi Д‘ГЎng sб»Ј
833	NgЖ°ЖЎi lГ  mб»™t anh hГ№ng vД© Д‘бєЎi! Vб»›i sб»± giГєp Д‘б»Ў cб»§a ngЖ°ЖЎi, chГєng ta cГі thб»ѓ ngДѓn cбєЈn KunDun. Дђб»ѓ thay lб»ќi cбєЈm ЖЎn, ta sбєЅ chia kinh nghiб»‡m vГ  lб»ќi chГєc phГєc cб»§a ta cho ngЖ°ЖЎi
834	Ta tin tЖ°б»џng vГ o lГІng dЕ©ng cбєЈm cб»§a ngЖ°ЖЎi. Ta sбєЅ Д‘Ж°a vЕ© khГ­ mбєЎnh nhбєҐt cho ngЖ°ЖЎi. HГЈy cбє§m nГі Д‘б»ѓ chiбєїn Д‘бєҐu vб»›i quб»· dб»Ї. ChГєc may mбєЇn!
835	HГЈy Д‘бєїn Huyбєїt LГўu Д‘б»ѓ thб»­ sб»©c cб»§a ngЖ°ЖЎi. Nбєїu chiбєїn thбєЇng, ngЖ°ЖЎi sбєЅ nhбє­n Д‘Ж°б»Јc lб»ќi chГєc phГєc cб»§a ДђбєЎi ThiГЄn Sб»©
836	HГЈy mang Nanh mГЎu vГ  Huyбєїt thЖ° Д‘бєїn gбє·p YГЄu tinh sГЎng tбєЎo Д‘б»ѓ cГі Д‘Ж°б»Јc ГЃo TГ ng HГ¬nh
837	Ta cЕ©ng khГґng biбєїt Huyбєїt LГўu б»џ Д‘Гўu. HГЈy tГ¬m Д‘бєїn ThiГЄn Sб»© б»џ Devias. 
838	Huyбєїt LГўu lГ  mб»™t nЖЎi rбєҐt Д‘ГЎng sб»Ј, ngЖ°ЖЎi khГґng nГЄn Д‘i mб»™t mГ¬nh Д‘бєїn Д‘Гі
839	HГЈy giГєp Д‘б»Ў ДђбєЎi ThiГЄn Sб»©, nбєїu ngЖ°ЖЎi muб»‘n chб»©ng minh ngЖ°ЖЎi lГ  vб»‹ anh hГ№ng vД© Д‘бєЎi cб»§a lб»Ґc Д‘б»‹a MU
840	Nбєїu ngЖ°ЖЎi muб»‘n cГі Д‘Ж°б»Јc Nanh mГЎu vГ  Huyбєїn thЖ°, hГЈy dГ№ng tiб»Ѓn cб»§a mГ¬nh Д‘б»ѓ mua tбєЎi Bar Lorencia.
841	HГЈy giГєp Д‘б»Ў ДђбєЎi ThiГЄn Sб»© ngДѓn chбє·n sб»©c mбєЎnh cб»§a bб»Ќn qб»§y dб»Ї
842	Chб»‰ cГі mГ¬nh ngЖ°ЖЎi lГ  ngЖ°oi cГі Д‘б»§ dЕ©ng khГ­ Д‘б»ѓ giГєp Д‘б»Ў ДђбєЎi ThiГЄn Sб»© trong cuб»™c chiбєїn б»џ Huyбєїt LГўu
843	NgЖ°ЖЎi sбєЅ thбєҐy sб»©c mбєЎnh cб»§a mГ¬nh thay Д‘б»•i sau khi dГ№ng rЖ°б»Јu nГ y. Bбє±ng sб»©c mбєЎnh Д‘Гі, hГЈy xua Д‘uб»•i hбєїt bб»Ќn qб»§y dб»Ї б»џ Huyбєїt LГўu
844	KhГґng nГЄn Д‘б»ѓ ГЅ Д‘бєїn nhб»Їng con quб»· б»џ Huyбєїt LГўu. HГЈy tiбєїp tб»Ґc Д‘i tб»›i hб»Ўi ngЖ°б»ќi trбє» tuб»•i dЕ©ng cбєЈm.
845	CГЎc ThiГЄn Sб»© Д‘ang Д‘ЖЎn Д‘б»™c chб»‘ng vб»›i quб»· dб»Ї б»џ Huyбєїt LГўu. Nбєїu ngЖ°ЖЎi lГ  ngЖ°б»ќi dЕ©ng khГ­, hГЈy mau Д‘бєїn giГєp Д‘б»Ў hб»Ќ
846	Danh sГЎch Huyбєїt LГўu
847	Huyбєїt LГўu %d (cбєҐp Д‘б»™ %d - %d)
848	Mб»©c %d Castle (cбєҐp Д‘б»™ trГЄn %d)
849	Tб»•ng ThiГЄn Sб»©
850	BбєЎn Д‘ГЈ cГі thб»ѓ vГ o %s
851	%d phГєt nб»Їa, bбєЎn cГі thб»ѓ vГ o %s
852	%s ДђГЈ hбєїt thб»ќi gian, bбєЎn khГґng thб»ѓ vГ o Д‘Ж°б»Јc nб»Їa
853	Sб»‘ lЖ°б»Јng ngЖ°б»ќi tham gia %s Д‘ГЈ Д‘б»§ (%d ngЖ°б»ќi)
854	CбєҐp Д‘б»™ cб»§a ГЃo tГ ng hГ¬nh khГґng phГ№ hб»Јp
855	Дђб»«ng lГ№i bЖ°б»›c cho Д‘бєїn khi hГІan thГ nh nhiб»‡m vб»Ґ chб»©! HГЈy quГЄn viб»‡c trб»‘n khб»Џi Huyбєїt LГўu.
856	VЕ© khГ­ tб»‘i thЖ°б»Јng Д‘ГЈ Д‘Ж°б»Јc tГ¬m thбєҐy, vбєҐt vбєЈ cho ngЖ°ЖЎi quГЎ! BГўy giб»ќ hГЈy nhanh chГіng rб»ќi khб»Џi Huyбєїt LГўu, Д‘б»ѓ phбє§n viб»‡c cГІn lбєЎi cho chГєng ta
857	TбєҐn cГґng Huyбєїt LГўu thГ nh cГґng
858	Nhiб»‡m vб»Ґ Д‘ГЈ hoГ n thГ nh!
859	Cuб»™c chiбєїn Huyбєїt LГўu
860	Nhiб»‡m vб»Ґ thбєҐt bбєЎi!
861	BбєЎn Д‘Ж°б»Јc thЖ°б»џng %d Д‘iб»ѓm
862	BбєЎn Д‘Ж°б»Јc thЖ°б»џng %d Zen
863	Дђiб»ѓm thЖ°б»џng Huyбєїt LГўu: %d
864	Sб»‘ quб»· dб»Ї cбє§n tiГЄu diб»‡t: (%d / %d)
865	Thб»ќi gian cГІn lбєЎi: 
866	Sб»‘ phГ№ thб»§y cбє§n tiГЄu diб»‡t: (%d / %d)
867	KhГґng thб»ѓ gia nhбє­p %d Д‘Ж°б»Јc nб»Їa
868	KhбєЈ nДѓng gia nhбє­p Hб»™i: %d
869	%d nhat dinh %s %s lan
870	RГ¬u Hб»Џa Long, Gбє­y LГґi Phong
871	Mai Hoa Cung
872	CГЎnh, BГ¬nh nЖ°б»›c phГ©p, Bб»©c thЖ° Quб»·
873	Dinoranter, vбє­t phбє©m +10 ~ +15, ГЃo choГ ng
874	ГЃo choГ ng cб»§a Vua
877	%d Set Effect
878	Set Item Equipment Information
879	Lб»±c tбєҐn cГґng kб»№ nДѓng: %d ~ %d
880	Mana giбєЈm: %d
881	Thб»ќi gian tГЎc dб»Ґng: %d giГўy
882	Su dung Stone tan cong
883	Game mini Youngsokrosuy, den ngay (ngay 21, truong hop HQ chuyen qua VN)
884	Event ban mien phi den ngay (ngay 15, truong hop HQ phien ban Beta)
885	co the su dung trong Website
886	Da dang ky thanh cong
887	Sб»‘ Serial Д‘ГЈ Д‘Ж°б»Јc Д‘Дѓng kГЅ
888	VЖ°б»Јt quГЎ giб»›i hбєЎn cho phГ©p Д‘Дѓng kГЅ
889	Sai sб»‘ Serial
890	PhГЎt sinh lб»—i
891	CГі 100%  trГєng thЖ°б»џng
892	HГЈy nhбє­p 12 sб»‘ may mбєЇn
893	HГЈy nhбє­p sб»‘ may mбєЇn vГ o
894	VD: AUS919DKL2J9
895	ДђДѓng kГЅ sб»‘ may mбєЇn
896	HГЈy Д‘б»ѓ trong 1 dГІng trong ThГ№ng Д‘б»“
897	Thб»ќi gian cГі thб»ѓ Д‘Дѓng kГЅ sб»‘ may mбєЇn
898	28 - 10 - 2007, 11 thГЎng 30 ngГ y
899	BбєЎn Д‘ГЈ Д‘Дѓng kГЅ rб»“i
900	Stone Д‘Ж°б»Јc Д‘Дѓng kГЅ cho XбєЈ Thб»§ VГ ng
901	28/10 -> 4/11
902	1 Stone = 3000 Zen
903	HГІn Д‘ГЎ hГіan chuyб»ѓn
904	HГЈy Д‘Дѓng kГЅ sб»‘ may mбєЇn vГ o Д‘б»ѓ Д‘Ж°б»Јc thЖ°ЖЎng 100%
905	ThГґng tin xГЎc nhбє­n trГєng thЖ°б»џng Д‘Ж°б»Јc cГґng khai trГЄn Website cб»§a MU
906	Chiбєїc Nhбє«n Vinh Quang
907	ViГЄn Ngб»Ќc Cб»•
908	/Moidau
909	/Huydau
910	CГі ngЖ°б»ќi muб»‘n thГЎch Д‘бєҐu vб»›i bбєЎn
911	BбєЎn cГі chбєҐp nhбє­n thГЎch Д‘бєҐu khГґng?
912	%s Д‘ГЈ chбєҐp nhбє­n thГЎch Д‘бєҐu
913	%s Д‘ГЈ tб»« chб»‘i yГЄu cбє§u thГЎch Д‘бєҐu
914	Trбє­n thГЎch Д‘бєҐu Д‘ГЈ chбєҐm dб»©t
915	BбєЎn khГґng thб»ѓ thГЎch Д‘бєҐu khi Д‘ang б»џ trong trбєЎng thГЎi thГЎch Д‘бєҐu
916	Chu O va so 0, I va chu l
917	Hay phan biet that ro!
918	Д‘ГЈ Д‘Ж°б»Јc nhбє·t
919	Hб»— trб»Ј
920	4 Combo (Mana: %d)
921	5 Combo (Mana: %d)
922	Nhбє«n tГўn binh
923	CбєҐp Д‘б»™ tб»« %d trб»џ lГЄn mб»›i cГі thб»ѓ sб»­ dб»Ґng
924	Chб»‰ cГі thб»ѓ sб»­ dб»Ґng tб»« cбєҐp Д‘б»™ %d trб»џ lГЄn
925	Nhбє«n PhГЎp SЖ°
926	KhГґng thб»ѓ sб»­a chб»Їa
927	ДђГіng %s
928	Nhбє«n Mutizen
929	Nhбє«n Danh dб»±
930	Hiб»‡n tбєЎi khГґng thб»ѓ thay Д‘б»•i nhiб»‡m vб»Ґ Д‘ang thб»±c hiб»‡n
931	Дђang thб»±c hiб»‡n nhiб»‡m vб»Ґ
932	Nhiб»‡m vб»Ґ hoГ n tбєҐt
933	Cб»­a sб»• thГґng tin
934	BбєЈn Д‘б»“
935	CбєҐp Д‘б»™
936	Chi phГ­
937	TrЖ°б»›c hбєїt phбєЈi vГ o nhГіm
938	Cб»­a sб»• lб»‡nh
939	Mб»‡nh lб»‡nh
940	TГЄn Guild khГґng Д‘Ж°б»Јc cГі khoбєЈng trб»‘ng
941	KhГґng dГ№ng kГЅ tб»± Д‘бє·c biб»‡t Д‘б»ѓ Д‘бє·t tГЄn Guild
942	KhГґng Д‘Ж°б»Јc bб»Џ trб»‘ng
943	Giao dб»‹ch
944	TбєЎo NhГіm
945	ThГ¬ thбє§m
946	VГ o hб»™i
947	Kбєїt bбєЎn
948	Дђi theo
949	Quyбєїt Д‘бєҐu
950	Gia tДѓng Sб»©c mбєЎnh %d
951	Gia tДѓng Nhanh nhбє№n %d
952	Gia tДѓng NДѓng lЖ°б»Јng %d
953	Gia tДѓng Thб»ѓ lб»±c %d
954	Gia tДѓng Mб»‡nh lб»‡nh %d
955	Gia tДѓng lб»±c tбєҐn cГґng tб»‘i thiб»ѓu %d
956	Gia tДѓng lб»±c tбєҐn cГґng tб»‘i Д‘a %d
957	Gia tДѓng sб»©c sГЎt thЖ°ЖЎng %d
958	Gia tДѓng khбєЈ nДѓng tбєҐn cГґng +%d
959	Gia tДѓng sб»©c chб»‘ng Д‘б»Ў +%d
960	Gia tДѓng lЖ°б»Јng mГЎu +%d
961	Gia tДѓng mana +%d
962	Gia tДѓng nб»™i lб»±c +%d
963	Gia tДѓng nhanh nhбє№n +%d
964	Gia tДѓng sб»©c sГЎt thЖ°ЖЎng %d%%
965	Gia tДѓng sГЎt thЖ°ЖЎng chГ­ mбєЎng +%d
966	Gia tДѓng Д‘б»™ chГ­nh xГЎc cб»§a sб»©c sГЎt thЖ°ЖЎng tб»‘i Д‘a %d%%
967	Gia tДѓng sГЎt thЖ°ЖЎng hoГ n hбєЈo +%d
968	Gia tДѓng sб»©c sГЎt thЖ°ЖЎng cб»§a tuyб»‡t chiГЄu +%d
969	Tб»‰ lб»‡ chГ­nh xГЎc cб»§a sГЎt thЖ°ЖЎng gбєҐp Д‘Гґi %d%%
970	LoбєЎi bб»Џ khбєЈ nДѓng phГІng ngб»± cб»§a Д‘б»‘i phЖ°ЖЎng %d%%
971	%s Sб»©c gia tДѓng nДѓng lб»±c cГґng kГ­ch /%d
972	%s Nhanh nhбє№n, gia tДѓng nДѓng lб»±c cГґng kГ­ch /%d
973	%s Nhanh nhбє№n, gia tДѓng nДѓng lб»±c phГІng ngб»± /%d
974	%s Gia tДѓng sб»©c chб»‘ng Д‘б»Ў /%d
975	%s NДѓng lЖ°б»Јng, gia tДѓng phГ©p thuбє­t /%d
976	Gia tДѓng nДѓng lб»±c cГґng kГ­ch cб»§a phГ©p Д‘Гіng bДѓng +%d
977	Gia tДѓng nДѓng lб»±c cГґng kГ­ch cб»§a tuyб»‡t chiГЄu phГіng Д‘б»™c +%d
978	Gia tДѓng nДѓng lб»±c cГґng kГ­ch cб»§a tuyб»‡t chiГЄu Д‘ГЎnh sбєҐm chб»›p nhanh +%d
979	Gia tДѓng nДѓng lб»±c cГґng kГ­ch cб»§a tuyб»‡t chiГЄu Д‘ГЎnh lб»­a nhanh +%d
980	Gia tДѓng nДѓng lб»±c cГґng kГ­ch cб»§a tuyб»‡t chiГЄu giбє­m Д‘бєҐt nhanh +%d
981	Gia tДѓng nДѓng lб»±c cГґng kГ­ch cб»§a tuyб»‡t chiГЄu Д‘ГЎnh giГі nhanh +%d
982	Gia tДѓng nДѓng lб»±c cГґng kГ­ch cб»§a tuyб»‡t chiГЄu phГіng nЖ°б»›c nhanh +%d
983	Gia tДѓng sб»©c sГЎt thЖ°ЖЎng cho vЕ© khГ­ 2 tay: +%d%%
984	Gia tДѓng sб»©c phГІng thб»§ cб»§a khiГЄn %d%%
985	Gia tДѓng sб»©c mбєЎnh +%d
986	Gia tДѓng nhanh nhбє№n +%d
987	Gia tДѓng lЖ°б»Јng mГЎu +%d
988	Gia tДѓng nДѓng lЖ°б»Јng +%d
989	TГ­nh nДѓng hoГ n hбєЈo
990	BбєЎn bГЁ
991	CГўu hб»Џi
992	TГ­nh nДѓng kбєїt bбєЎn khГґng sб»­ dб»Ґng Д‘Ж°б»Јc. Vui lГІng thб»­ lбєЎi bбє±ng cГЎch thoГЎt ra vГ o lбєЎi
993	Mб»ќi thГЄm bбєЎn
994	Tin nhбєЇn tб»«: 
995	KhГґng cГі mбє·t trong trГІ chЖЎi
996	Tб»« chб»‘i lб»ќi mб»ќi
997	Sб»­ dб»Ґng con lДѓn Д‘б»ѓ phГіng to/thu nhб»Џ hГ¬nh бєЈnh
998	DГ№ng chuб»™t trГЎi Д‘б»ѓ xoay
999	BбєҐm chuб»™t phбєЈi Д‘б»ѓ trб»џ lбєЎi mбє·c Д‘б»‹nh
1000	NgЖ°б»ќi nhбє­n: 
1001	Gб»­i Д‘i
1002	ДђГіng lбєЎi
1003	TrЖ°б»›c
1004	Sau
1005	Chб»§ Д‘б»Ѓ:
1006	HГЈy ghi tГЄn ngЖ°б»ќi nhбє­n
1007	HГЈy ghi chб»§ Д‘б»Ѓ cб»§a bб»©c thЖ°
1008	KhГґng Д‘Ж°б»Јc gб»­i thЖ° trб»‘ng
1009	BбєЎn khГґng viбєїt nб»Їa vГ  muб»‘n hб»§y bб»Џ?
1010	TrбєЈ lб»ќi
1011	Hб»§y bб»Џ
1012	ThЖ° trЖ°б»›c
1013	ThЖ° sau
1014	NgЖ°б»ќi gб»­i: %s (%s %s)
1015	SoбєЎn thЖ°
1016	RE: %s
1017	BбєЎn muб»‘n xГіa thЖ°?
1018	ThГЄm bбєЎn
1019	XГіa bбєЎn
1020	Gб»­i tin nhбєЇn
1021	TГЄn bбєЎn
1022	MГЎy chб»§
1023	Nhбє­p ID cб»§a bбєЎn vГ o
1024	BбєЎn thбє­t sб»± muб»‘n xГіa bб»Џ?
1025	Chбєї Д‘б»™ бє©n
1026	TiГЄu Д‘б»Ѓ
1027	Дђб»Ќc thЖ°
1028	NgЖ°б»ќi viбєїt
1029	NgГ y nhбє­n
1030	TiГЄu Д‘б»Ѓ
1031	HГЈy chб»Ќn nhб»Їng thб»© cбє§n xГіa
1032	Danh sГЎch bбєЎn
1033	Danh sГЎch
1034	Gб»­i thЖ°
1035	Tб»« chб»‘i trГІ chuyб»‡n
1036	TбєЇt tГ­nh nДѓng nhбєЇn tin, bбєЎn cГі chбєЇc khГґng?
1037	CГі
1038	KhГґng
1039	KhГґng cГі trong game
1040	TrбєЈ lб»ќi
1041	KhГґng thб»ѓ sб»­ dб»Ґng
1042	MГЎy chб»§ %2d
1043	BбєЎn bГЁ (F)
1044	F5 (click chuб»™t phбєЈi): Xem tin mб»›i
1045	F6: бєЁn/Hiб»‡n cГЎc khung tin nhбєЇn
1046	PhГ­ gб»­i thЖ°: %d Zen
1047	NhГўn vбє­t khГґng tб»“n tбєЎi
1048	Danh sГЎch bбєЎn bГЁ Д‘ГЈ Д‘бє§y! BбєЎn khГґng thб»ѓ thГЄm tГЄn mб»›i
1049	ДђГЈ cГі tГЄn trong danh sГЎch
1050	KhГґng thб»ѓ tб»± thГЄm mГ¬nh vГ o danh sГЎch bбєЎn bГЁ
1051	Vб»«a gб»­i yГЄu cбє§u kбєїt bбєЎn!
1052	KhГґng thб»ѓ xГіa Д‘Ж°б»Јc
1053	KhГґng thб»ѓ gб»­i thЖ°. HГЈy gб»­i lбєЎi mб»™t lбє§n nб»Їa
1054	TiГЄu Д‘б»Ѓ: %s
1055	BбєЎn khГґng thб»ѓ xГІa thЖ° nГ ynГ y
1056	Дђб»‘i phЖ°ЖЎng khГґng cГі mбє·t
1057	ДђГЈ Д‘Ж°б»Јc mб»ќi cuб»™c trГІ chuyб»‡n
1058	PhГІng chГЎt Д‘бє§y.
1059	ДђГЈ gia nhбє­p.
1060	ДђГЈ rб»ќi khб»Џi
1061	Hб»™p thЖ° ngЖ°б»ќi nhбє­n Д‘ГЈ Д‘бє§y nГЄn bбєЎn khГґng thб»ѓ gб»­i thЖ° Д‘бєїn
1062	BбєЎn cГі thЖ° mб»›i
1063	BбєЎn cГі tin nhбєЇn mб»›i
1064	KhГґng cГі ngЖ°б»ќi nhбє­n hoбє·c thЖ° khГґng tб»“n tбєЎi
1065	KhГґng thб»ѓ gб»­i thЖ° cho chГ­nh mГ¬nh
1066	Lб»—i kбєїt nб»‘i. HГЈy liГЄn lбєЎc lбєЎi trong danh sГЎch bбєЎn cб»§a mГ¬nh
1067	BбєЎn cГі thб»ѓ sб»­ dб»Ґng chб»©c nДѓng kбєїt bбєЎn khi cбєҐp Д‘б»™ 6 trб»џ lГЄn.
1068	NgЖ°б»ќi chЖЎi phбєЈi cГі cбєҐp Д‘б»™ tб»« 6 trб»џ lГЄn 6
1069	KhГґng thб»ѓ nГіi chuyб»‡n Д‘Ж°б»Јc nб»Їa
1070	MГЎy chб»§ dГ№ng Д‘б»ѓ liГЄn lбєЎc bб»‹ mбєЇt kбєїt nб»‘i
1071	Chб»©c nДѓng gб»­i thЖ° tбєЎm khГіa
1072	BбєЎn Д‘ang cГі: %d thЖ° (tб»‘i Д‘a: %d)
1073	HГЈy dб»Ќn dбє№p hГІm thЖ°. HГІm thЖ° cб»§a bбєЎn Д‘ГЈ Д‘бє§y khГґng thб»ѓ nhбє­n thГЄm thЖ°
1074	Sб»‘ ngЖ°б»ќi tб»‘i Д‘a cГі thб»ѓ thГЄm vГ o
1075	ДђГЈ thГЄm bбєЎn vГ o trong danh sГЎch bбєЎn
1076	TrГІ chЖЎi nГ y khГґng dГ nh cho trбє» em
1077	TrГІ chЖЎi nГ y khГґng dГ nh cho trбє» em
1078	TrГІ chЖЎi nГ y khГґng dГ nh cho trбє» em
1079	Dat truoc: Ban cua toi
1080	Thuб»™c tГ­nh BДѓng
1081	Thuб»™c tГ­nh Дђб»™c
1082	Thuб»™c tГ­nh SГ©t
1083	Thuб»™c tГ­nh Lб»­a
1084	Thuб»™c tГ­nh ДђбєҐt
1085	Thuб»™c tГ­nh GiГі
1086	Thuб»™c tГ­nh NЖ°б»›c
1087	Gia tДѓng tб»‘i Д‘a Mana %d%%
1088	Gia tДѓng tб»‘i Д‘a HP %d%%
1089	Set Item
1090	BГЎu vбє­t trong truyб»Ѓn thuyбєїt
1091	ДђДѓng kГЅ sinh nhбє­t cб»§a bбєЎn
1092	Sinh nhбє­t cб»§a bбєЎn
1093	Sinh nhбє­t cб»§a bбєЎn Д‘ГЈ Д‘Дѓng kГЅ
1094	HГЈy Д‘Дѓng kГЅ sinh nhбє­t cб»§a bбєЎn
1095	Thб»ќi gian Д‘Дѓng kГЅ sinh nhбє­t cб»§a bбєЎn
1096	ДђДѓng kГЅ Д‘бєїn sinh nhбє­t cб»§a bбєЎn
1097	
1098	Sinh nhбє­t cб»§a bбєЎn bГЁ
1099	Danh sГЎch bбєЎn bГЁ Д‘ГЈ Д‘Ж°б»Јc thiбєїt lбє­p
1100	BбєЎn muб»‘n mua mГіn Д‘б»“ nГ y khГґng?
1101	NhбєҐn chuб»™t phбєЈi Д‘б»ѓ Д‘бє·t giГЎ bГЎn
1102	Cб»­a hГ ng riГЄng
1103	mб»џ cб»­a hГ ng
1104	[Cб»­a hГ ng]
1105	Дђбє·t tГЄn cб»­a hГ ng
1106	Hiб»‡u chб»‰nh
1107	Mб»џ
1108	ДђГіng
1109	Kiб»ѓm tra giГЎ trЖ°б»›c khi mб»џ
1110	Vui lГІng kiб»ѓm tra kб»№ giГЎ cб»§a mГіn hГ ng
1111	Cб»­a hГ ng. Giao dб»‹ch sбєЅ Д‘Ж°б»Јc thб»±c
1112	hiб»‡n khi ngЖ°б»ќi chЖЎi mua mГіn Д‘б»“
1113	trong cб»­a hГ ng. LЖ°u ГЅ: khi ngб»«ng
1114	LЖ°u ГЅ Д‘iб»Ѓu nГ y
1115	bГЎn, giГЎ cГЎc mГіn Д‘б»“ vбє«n giб»Ї nguyГЄn
1116	trЖ°б»›c khi giao dб»‹ch
1117	/Shop
1118	/Mua
1119	ChЖ°a Д‘бє·t tГЄn cб»­a hГ ng hoбє·c chЖ°a Д‘бє·t giГЎ bГЎn
1120	HГ ng Д‘ГЈ bГЎn hбєїt!
1121	KhГґng thб»ѓ mб»џ cб»­a hГ ng lГєc nГ y!
1122	%s Д‘ГЈ mua mб»™t mГіn Д‘б»“
1123	YГЄu cбєҐp cбєҐp Д‘б»™ trГЄn %d
1124	Mua
1125	Mб»џ cб»­a hГ ng cГЎ nhГўn (S)
1126	Giao dб»‹ch bб»‹ hб»§y bб»Џ
1127	TбєЇt cб»­a hГ ng (S)
1128	Дђбє·t tГЄn cб»­a hГ ng
1129	Дђбє·t giГЎ mГіn Д‘б»“
1130	Sai tГЄn cб»­a hГ ng
1131	BбєЇt Д‘бє§u bГЎn hГ ng bбє±ng ZEN?
1132	GiГЎ bГЎn: %s Zen
1133	BбєЎn chбєҐp nhбє­n giГЎ nГ y?
1134	LЖ°u ГЅ!
1135	BбєҐm vГ o loбєЎi tiб»Ѓn bбєЎn muб»‘n bГЎn Д‘б»ѓ mб»џ!
1136	/ps on
1137	/ps off
1138	CГі thб»ѓ xem cб»­a hГ ng
1139	KhГґng thб»ѓ xem cб»­a hГ ng
1140	Nhiб»‡m vб»Ґ
1141	Stadium
1142	Castle
1143	Castle 2
1144	Ma thuбє­t nguyб»Ѓn rб»§a
1145	QuбєЈng TrЖ°б»ќng Quб»·
1146	Huyбєїt LГўu
1147	Hб»—n NguyГЄn LГўu
1148	HГЈy cбєЈm nhбє­n sб»©c mбєЎnh cб»§a ThiГЄn Thбє§n Hб»™ Mб»‡nh!!
1150	KhГґng thб»ѓ sб»­ dб»Ґng trong Hб»—n NguyГЄn LГўu
1151	Linh hб»“n cб»§a nhб»Їng ngЖ°б»ќi gГЎc cб»•ng Д‘ГЈ Д‘Ж°б»Јc giбєЈi thoГЎt
1152	Nhiб»‡m vб»Ґ
1153	HГЈy sб»­ dб»Ґng cho cЖЎ hб»™i sau
1154	
1155	
1156	Hiб»‡n nay %s cГі [%d / %d] ngЖ°б»ќi trong Д‘Гі
1157	NhбєҐp chuб»™t phбєЈi Д‘б»ѓ sб»­ dб»Ґng.
1158	HГЈy tб»Џa ra khбєЇc vГ№ng Hб»—n NguyГЄn LГўu vГ  ngб»Ґy trang bбє±ng bб»™ giГЎp cб»§a nhб»Їng ngЖ°б»ќi gГЎc cб»•ng
1159	HГЈy giбєЈi cб»©u nhб»Їng linh hб»“n Д‘ang bб»‹ tay sai cб»§a Kundun giam giб»Ї
1160	Xin chГ o! Nбєїu bбєЎn muб»‘n thГ nh lбє­p hб»™i hГЈy Д‘бєїn gбє·p tГґi.
1161	Chiбєїn binh: %d / %d
1162	QuГЎi vбє­t Д‘ГЈ giбєїt: %d
1163	Дђб»‘i thб»§ Д‘ГЈ giбєїt: %d
1164	%d giб»ќ
1165	TДѓng sб»©c sГЎt thЖ°ЖЎng
1166	Mua bГЎn thбєҐt bбєЎi, vui lГІng thб»­ lбєЎi
1167	Hay thu suc voi Hon Nguyen Lau!
1168	Chiбєїn thбєЇng Hб»—n NguyГЄn LГўu Д‘б»ѓ nhбє­n giбєЈi thЖ°б»џng!
1169	KhГґng cГі QuбєЎ tinh
1170	Mб»‡nh lб»‡nh: %d
1171	KhбєЈ nДѓng tбєЎo ra ГЃo tГ ng hГ¬nh vб»›i cбєҐp Д‘б»™ trГЄn %d
1172	TбєЎo thГ nh ГЃo choГ ng
1173	ThГЄm 150%% lб»±c Д‘ГЎnh cho phГ©p thuбє­t bГіng tб»‘i
1174	PhбєЎm vi Д‘ГЎnh cб»§a phГ©p thuбє­t bГіng tб»‘i
1175	NГўng cбєҐp ГЃo choГ ng
1176	Cб»•ng Д‘бєїn Kamila: %d
1177	Con Д‘Ж°б»ќng vГ o Kamila sбєЅ mб»џ
1178	Vб»›i cбєҐp Д‘б»™ hiб»‡n tбєЎi bбєЎn khГґng thб»ѓ vГ o Д‘Ж°б»Јc cб»•ng nГ y
1179	BбєЎn phбєЈi lГ  thГ nh viГЄn trong nhГіm cб»§a chб»§ cГЎnh cб»•ng nГ y mб»›i cГі thб»ѓ vГ o
1180	Huy hiб»‡u KunDun +%d
1181	%d / %d
1182	DГ№ng Д‘б»ѓ tбєЎo ra BбєЈn Д‘б»“ Kalima
1183	Cбє§n %d mбєЈnh nб»Їa Д‘б»ѓ tбєЎo thГ nh BбєЈn Д‘б»“ Kalinma
1184	CГЎnh cб»•ng ma thuбє­t sбєЅ hiб»‡n ra khi nГ©m BбєЈn Д‘б»“ Kalima xuб»‘ng Д‘бєҐt
1185	Chб»‰ sб»­ dб»Ґng Д‘Ж°б»Јc khi Д‘ГЈ tбєЎo nhГіm
1186	Tuyб»‡t chiГЄu SГіng Гўm (Mana: %d)
1187	Chiбєїn MГЈ
1188	Gia tДѓng %d khбєЈ nДѓng tбєҐn cГґng
1189	Tuyб»‡t chiГЄu Дђб»™ng Д‘бєҐt (Mana: %d)
1190	Дђб»ѓ xem thГЄm chi tiбєїt
1191	NhбєҐp chuб»™t phбєЈi
1192	NgГ y %d thГЎng %d nДѓm %d
1193	Thб»ќi gian hiб»‡u lб»±c cГІn: %d ngГ y
1194	KhбєЈ nДѓng sб»­ dб»Ґng trong cб»­a hГ ng
1195	ДђЖ°б»Јc sб»­ dб»Ґng trong cб»­a hГ ng
1196	Chб»‰ di chuyб»ѓn trong khu vб»±c cб»§a mГ¬nh
1197	Cб»­a
1198	Tб»± Д‘б»™ng thiбєїt lбє­p giao Д‘бєҐu
1199	Tб»± Д‘б»™ng hб»§y giao Д‘бєҐu
1200	Hб»Џa Гўm
1201	Tuyб»‡t chiГЄu ChГєa Tб»ѓ
1202	Xin chГ o
1203	TГґi cГі thб»ѓ giГєp gГ¬ cho %s nГ o?
1204	Hб»“i phб»Ґc sб»©c sб»‘ng
1205	TГЎi tбєЎo linh hб»“n
1206	HuбєҐn luyб»‡n
1207	Vui lГІng tбєЇt cб»­a sб»• sau khi Kбєїt hб»Јp xong
1208	QuГЎ trГ¬nh tГЎi tбєЎo Д‘ГЈ thбєҐt bбєЎi
1209	QuГЎ trГ¬nh tГЎi tбєЎo thГ nh cГґng
1210	Tia chб»›p (Mana: %d)
1211	Vui lГІng Д‘б»ѓ cГЎc nguyГЄn liб»‡u vГ o
1212	TГЎi tбєЎo
1213	KhГґng thГ­ch hб»Јp sб»­ dб»Ґng mГіn Д‘б»“ %s
1214	QuбєЎ Tinh
1215	TГЎi tбєЎo Chiбєїn MГЈ
1216	TГЎi tбєЎo Qб»Ґa Tinh
1217	ThГє nuГґi
1218	HЖ°б»›ng dбє«n
1219	Bay theo chб»§ nhГўn
1220	Tб»± Д‘б»™ng tбєҐn cГґng
1221	TбєҐn cГґng cГ№ng vб»›i Chб»§ nhГўn
1222	TбєҐn cГґng theo sб»± Д‘iб»Ѓu khiб»ѓn
1223	Дђi theo
1224	TбєҐn cГґng cГЎc mб»Ґc tiГЄu trong phбєЎm vi
1225	TбєҐn cГґng quГЎi vбє­t Д‘ang Д‘ГЎnh
1226	TбєҐn cГґng theo chб»‰ Д‘б»‹nh
1227	NgЖ°б»ќi huбєҐn luyб»‡n thГє
1228	HГЈy chб»Ќn loбєЎi thГє muб»‘n tГЎi tбєЎo
1229	ThГє nuГґi khГґng Д‘Ж°б»Јc tбєЎo ra
1230	ThГє nuГґi Д‘ГЈ Д‘Ж°б»Јc tГЎi sinh thГ nh cГґng
1231	Дђб»ѓ phб»Ґc hб»“i mбєЎng sб»‘ng cГІn thiбєїu %s Zen
1232	Дђб»ѓ phб»Ґc hб»“i mбєЎng sб»‘ng cбє§n %s Zen
1233	KhГґng cГі %s
1234	TДѓng %d%% nДѓng lб»±c tбєҐn cГґng cб»§a thГє nuГґi
1235	Huy hiб»‡u HoГ ng Tб»™c
1236	Sб»­ dб»Ґng cho viб»‡c tбєЎo ГЃo choГ ng cб»§a Vua
1237	Kiб»ѓm tra thГґng tin ThГє nuГґi
1238	KhГґng thб»ѓ sб»­ dб»Ґng trong khu vб»±c nГ y
1239	KhбєЈ nДѓng tбєҐn cГґng cб»§a ThГє nuГґi
1240	NhГўn vбє­t bГ¬nh thЖ°б»ќng cГі %d, Д‘бє·c biб»‡t cГі %d
1241	NhГўn vбє­t Д‘Ж°б»Јc chuyб»ѓn
1242	ДђбєҐu SД©, ChГєa Tб»ѓ
1243	KhГґng tбєЎo Д‘Ж°б»Јc nhГўn vбє­t
1244	Nбєїu cбє§n bбєҐt kб»і sб»± giГєp Д‘б»Ў nГ o xin gб»­i thЖ° cho BQT MU
1245	Kбє» sГЎt nhГўn khГґng Д‘Ж°б»Јc vГ o
1246	Quб»‘c khб»‘
1250	TбєЎo phe liГЄn minh
1251	TбєЎo phe Д‘б»‘i Д‘б»‹ch
1252	Hб»™i Д‘ГЈ cГі liГЄn minh
1253	Hб»™i Д‘ГЈ cГі Д‘б»‘i Д‘б»‹ch
1254	BбєЎn khГґng cГі thГ№ Д‘б»‹ch vб»›i hб»™i nГ y
1255	KhГґng tб»“n tбєЎi Hб»™i Д‘б»‘i Д‘б»‹ch
1256	Дђiб»ѓm danh vб»Ќng cб»§a Hб»™i: %d
1257	Nбєїu muб»‘n thoГЎt ra khб»Џi Hб»™i,
1258	bбєЎn hГЈy Д‘бєїn gбє·p trб»±c tiбєїp chб»§ Hб»™i
1259	Nбєїu muб»‘n tбєЎo liГЄn minh giб»Їa cГЎc Hб»™i
1260	bГЎn бєҐn nГєt LiГЄn Minh Hб»™i б»џ Cб»­a Sб»•
1261	Lб»‡nh (phГ­m D) Д‘б»ѓ tбєЎo LiГЄn minh.
1262	LЖ°u ГЅ: bбєЎn cГі thб»ѓ thГЄm Hб»™i Д‘б»‘i Д‘б»‹ch
1263	б»џ Cб»­a sб»• lб»‡nh - Chб»©c nДѓng thГЄm
1264	Hб»™i Д‘б»‘i Д‘б»‹ch. CГЎc thГ nh viГЄn б»џ cГЎc
1265	Hб»™i Д‘б»‘i Д‘б»‹ch cГі thб»ѓ giбєїt nhau mГ 
1266	khГґng bб»‹ thГ nh sГЎt thб»§
1267	ChГєc bбєЎn Д‘iб»Ѓu hГ nh tб»‘t !
1268	YГЄu cбє§u Д‘ГЈ bб»‹ hб»§y bб»Џ
1269	Vбє«n chЖ°a cГі khбєЈ nДѓng giГєp Д‘б»Ў.
1270	Chб»§ mб»™t liГЄn minh khГґng Д‘Ж°б»Јc giбєЈi tГЎn Hб»™i
1271	Chб»§ LiГЄn minh khГґng thб»ѓ rб»ќi khб»Џi LiГЄn minh
1272	Sliver
1273	Storm
1274	Nguon goc nguoi tho san Silver bi danh cua Oswald nhan vat dac biet cua luc dia toi cao. La mot Su gia thuong su dung mui ten Bac de hanh quyet nhung toi do lam chuyen xau xa.
1275	Nguon goc ky sy bao to, bi danh cua Cloud, nguoi anh hung Crusader. Theo truyen thuyet ghi lai khi xong vao tran chien thi quyet sach tat ca nhu mot con loc.
1280	ThГґng bГЎo liГЄn minh %s
1281	Nhбє­n Д‘Ж°б»Јc thЖ° mб»ќi xin LiГЄn minh
1282	Nhбє­n Д‘Ж°б»Јc lб»ќi khiГЄu chiбєїn Д‘б»‘i Д‘б»‹ch
1283	BбєЎn cГі chбєҐp nhбє­n khГґng?
1284	Chб»§ hб»™i %s
1285	Xin thua! Kбєїt thГєc cuб»™c chiбєїn Bang Hб»™i
1286	ThГЎch Д‘бєҐu! BбєЇt Д‘бє§u cuб»™c chiбєїn Bang Hб»™i
1287	LiГЄn minh cбє§n cГі Г­t nhбєҐt 3 Hб»™i
1288	Дђб»Ѓ phГІng rб»›t cб»§a mГіn Д‘б»“ trГЄn ngЖ°б»ќi
1289	LГ m mбєЎnh hЖЎn Д‘б»ѓ tham gia CГґng ThГ nh
1290	Дђб»“ng Rena
1291	Sб»­ dб»Ґng cho cГЎc sб»± kiб»‡n
1294	NhГ  kho
1295	LiГЄn minh
1296	Chб»§ cб»§a phe liГЄn minh
1297	Дђб»‘i Д‘б»‹ch
1298	Chб»§ cб»§a phe Д‘б»‘i Д‘б»‹ch
1299	LiГЄn minh thГ№ Д‘б»‹ch
1300	Chб»§ Hб»™i 
1301	PhГі Hб»™i
1302	LГЈnh Д‘бєЎo trбє­n chiбєїn
1303	TбєЎo Hб»™i mб»›i
1304	Thay Д‘б»•i biб»ѓu tЖ°б»Јng
1305	Tiбєїp theo
1306	Quay lбєЎi
1307	CбєҐp bбє­c
1308	Bб»• nhiб»‡m
1309	Trб»Ґc xuбєҐt
1310	Hб»™i viГЄn: %d ngЖ°б»ќi
1311	Bб»• nhiб»‡m thГ nh PhГі Hб»™i
1312	Bб»• nhiб»‡m lГ m LГЈnh Д‘бєЎo trбє­n chiбєїn
1313	ДђГЈ lГ  Hб»™i viГЄn
1314	%s Д‘Ж°б»Јc chб»‰ Д‘б»‹nh lГ m %s
1315	BбєЎn cГі chбєЇc khГґng?
1316	ThГ№ng chб»©a Д‘б»“ cб»§a Hб»™i
1317	Sб»­ dб»Ґng kho Д‘б»“
1318	QuбєЈn lГЅ thГ№ng Д‘б»“
1319	Trang
1320	BбєЎn khГґng phбєЈi lГ  Chб»§ Hб»™i
1321	Hб»™i Д‘б»‘i Д‘б»‹ch
1322	Hб»§y Hб»™i Д‘б»‘i Д‘б»‹ch
1323	ThГґng bГЎo
1324	Rб»ќi khб»Џi liГЄn minh
1325	Hб»§y liГЄn minh
1326	KhГґng thб»ѓ chб»‰ Д‘б»‹nh thГЄm
1327	Sai lбє§m!
1328	ДђГЈ thбєҐt bбєЎi
1329	KhГґng phбєЈi lГ  Д‘б»‘i thб»§ cб»§a Hб»™i
1330	ThГ nh viГЄn
1331	KhГґng Д‘б»§ Д‘iб»Ѓu kiб»‡n Д‘б»ѓ tбєЎo liГЄn minh
1332	ThГґng tin Hб»™i
1333	KhГґng phбєЈi chб»§ liГЄn minh
1334	Vui lГІng chб»Ќn quбєЈn lГЅ thГ№ng Д‘б»“
1335	%d quбєЈn lГЅ thГ№ng Д‘б»“ cб»§a Hб»™i
1336	Chuyб»ѓn vбє­t dб»Ґng vГ o thГ№ng Д‘б»“
1337	LбєҐy vбє­t dб»Ґng ra
1338	Gб»­i Zen vГ o kho
1339	LбєҐy Zen khб»Џi kho
1340	Sб»‘ Zen Д‘Ж°б»Јc phГ©p tб»‘i Д‘a
1341	NgЖ°ng sб»­ dб»Ґng
1342	Chuyб»ѓn cho Chб»§ Hб»™i
1343	PhГі Hб»™i thбє­t tГ i ba
1344	LГЈnh Д‘бєЎo trбє­n chiбєїn thбє­t kiб»‡t suбєҐt
1345	TбєҐt cбєЈ cГЎc thГ nh viГЄn cб»§a Hб»™i
1346	YГЄu cбє§u khГіa thГ№ng Д‘б»“ lбєЎi
1347	CбєҐt vГ o thГ№ng Д‘б»“
1348	LбєҐy ra khб»Џi thГ№ng Д‘б»“
1349	Vбє­t dб»Ґng
1350	Nбєїu click vГ o tГЄn vбє­t dб»Ґng
1351	cГі thб»ѓ nhГ¬n thбєҐy thГґng tin chi tiбєїt
1352	LiГЄn minh
1353	KhГґng thuб»™c liГЄn minh Д‘б»‘i Д‘б»‹ch
1354	/lienminh
1355	KhГґng phбєЈi hб»™i Д‘б»‘i Д‘б»‹ch
1356	/doidich
1357	/huydoidich
1358	YГЄu cбє§u tбєЎo liГЄn minh vб»›i Hб»™i %s
1359	Gб»­i lб»ќi tuyГЄn chiбєїn vб»›i Hб»™i cб»§a %s
1360	Gб»­i thЖ° xin hГІa giбєЈi Д‘бєїn Hб»™i cб»§a %s
1361	KhГґng cГі
1362	Hб»™i viГЄn: %d/%d ngЖ°б»ќi
1363	Nбєїu giбєЈi tГЎn Hб»™i thГ¬ tбєҐtcar
1364	nhб»Їng thГ nh viГЄn trong hб»™i
1365	sбєЅ bб»‹ loбєЎi ra khб»Џi Hб»™i
1366	BбєЎn cГі muб»‘n giбєЈi tГЎn khГґng?
1367	Quyбєїt Д‘б»‹nh Д‘б»‘i vб»›i %s
1368	BбєЎn cГі muб»‘n bб»• nhiб»‡m khГґng?
1369	Trб»Ґc xuбєҐt ra khб»Џi hб»™i?
1370	Дђб»ѓ cГі thб»ѓ thay Д‘б»•i biб»ѓu tЖ°б»Јng cб»§a Hб»™i
1371	Sб»‘ lЖ°б»Јng Ngб»Ќc ЖЇб»›c Nguyб»‡n vГ  Zen
1372	Cбє§n thiбєїt
1373	SбєЅ thay Д‘б»•i?
1374	HoГ n tбєҐt viб»‡c chб»‰ Д‘б»‹nh
1375	HoГ n tбєҐt viб»‡c thay Д‘б»•i
1376	HoГ n tбєҐt viб»‡c hб»§y bб»Џ
1377	Gia nhбє­p liГЄn minh thбєҐt bбєЎi
1378	Rб»ќi khб»Џi liГЄn minh thбєҐt bбєЎi
1379	KhГґng phбєЈi lГ  liГЄn minh Д‘б»‘i Д‘б»‹ch
1380	Sб»± thГ№ Д‘б»‹ch Д‘ГЈ khГґng chбєҐm dб»©t
1381	Gia nhбє­p liГЄn minh thГ nh cГґng
1382	Rб»ќi khб»Џi liГЄn minh thГ nh cГґng.
1383	Thiбєїp lбє­p liГЄn minh thГ№ Д‘б»‹ch
1384	ДђГЈ hб»§y Д‘б»‘i Д‘б»‹ch
1385	KhГґng phбєЈu mб»Ґc tiГЄu thГ№ Д‘б»‹ch
1386	KhГґng cГі quyб»Ѓn
1387	ДђГЈ gб»­i yГЄu cбє§u hб»§y liГЄn minh Д‘бєїn %s
1388	KhoбєЈng cГЎch quГЎ xa
1389	Ten
1390	Thб»ќi gian cГІn lбєЎi %d :0%d
1391	Thб»ќi gian cГІn lбєЎi %d : %d
1392	Sau %s giГўy sбєЅ bбєЇt Д‘бє§u
1393	Kбєїt qб»§a trбє­n Д‘бєҐu
1394	VS
1395	Trбє­n Д‘бєҐu quyбєїt liб»‡t
1396	ThбєЇng cuб»™c!
1397	Thua cuб»™c!
1400	MГЎy bГ n Д‘ГЎ
1401	PhГЎo phГІng thб»§
1402	Cб»•ng 1
1403	Cб»•ng 2
1404	Cб»•ng 3
1405	Khu vЖ°б»ќn 1
1406	Khu vЖ°б»ќn 2
1407	Khu vЖ°б»ќn 3
1408	CГўy cбє§u
1409	TГ¬m vб»‹ trГ­ sбєЅ tбєҐn cГґng
1410	Sau Д‘Гі nhбєҐn nГєt tбєҐn cГґng bГЄn
1411	dЖ°б»›i Д‘б»ѓ khai hб»Џa
1412	Chбєї tбєЎo
1413	Dung dб»‹ch ЖЇб»›c nguyб»‡n
1414	Dung dб»‹ch tГўm linh
1415	ДђГЎ hб»“i sinh
1416	Lб»‡nh triб»‡u tбє­p lГ­nh canh
1417	Lб»±c cГґng kГ­ch tДѓng lГЄn +20%%
1418	CГі tГЎc dб»Ґng trong 120 giГўy
1419	Chб»‰ sб»­ dб»Ґng khi CГґng ThГ nh
1420	Дђiб»ѓm Phong бєҐn
1421	Thб»ќi gian cГґng bб»‘ liГЄn minh cГґng thГ nh %u : %u : %u
1422	Mб»ќi ra khб»Џi LiГЄn minh
1423	Mб»ќi %s ra khб»Џi liГЄn minh.
1424	Chбєї TбєЎo PГ©t CбєҐp 1
1425	Chбєї TбєЎo PГ©t CбєҐp 2
1426	
1427	
1428	TuyГЄn bб»‘ trбє­n CГґng ThГ nh
1429	Trбє­n CГґng ThГ nh cб»§a bбєЎn
1430	dЖ°б»ќng nhЖ° khГґng cГі lб»Јi Г­ch gГ¬
1431	TЖ° cГЎch tuyГЄn bб»‘ tбєҐn cГґng
1432	CбєҐp Д‘б»™ cб»§a chб»§ hб»™i trГЄn %d
1433	
1434	CГі %d ngЖ°б»ќi trong Hб»™i
1435	TuyГЄn chiбєїn
1436	NhбєҐn vГ o nГєt bГЄn dЖ°б»›i Д‘б»ѓ nб»™p Rena
1437	Sб»‘ Rena hiб»‡n cГі: %u
1438	So Rena da nop: %u
1439	ДђДѓng kГЅ
1440	Thб»ќi gian tuyГЄn bб»‘ vГ  Д‘Дѓng kГЅ
1441	ДђГЈ hoГ n tбєҐt
1442	ChЖ°a Д‘бєїn thб»ќi gian CГґng ThГ nh
1443	Trбє­n cГґng thГ nh ngГ y %d thГЎng %d
1444	BбєЇt Д‘бє§u lГєc 15h
1445	NPC CГґng thГ nh chiбєїn
1446	Chб»§ thГ nh: %s
1447	Guild chб»§ thГ nh: %s
1448	Thб»ќi gian
1449	Kбєїt quбєЈ
1450	[HACKSHIELD] Phat hien chuong trinh GAMEHACK. (AHNHS_ENGINE_DETECT_GAME_HACK)
1451	[HACKSHIELD] Phat hien chuong trinh SPEEDHACK. (AHNHS_ACTAPC_DETECT_SPEEDHACK)
1452	[HACKSHIELD] Phat hien chuong trinh KDTRACE. (AHNHS_ACTAPC_DETECT_KDTRACE)
1453	[HACKSHIELD] Phat hien chuong trinh AUTOMOUSE. (AHNHS_ACTAPC_DETECT_AUTOMOUSE)
1454	[HACKSHIELD] Phat hien chuong trinh DRIVERFAILED. (AHNHS_ACTAPC_DETECT_DRIVERFAILED)
1455	[HACKSHIELD] Phat hien chuong trinh HOOKFUNCTION. (AHNHS_ACTAPC_sssDETECT_HOOKFUNCTION)
1456	[HACKSHIELD] Phat hien Hack MessageHook. (AHNHS_ACTAPC_DETECT_MESSAGEHOOK)
1458	Lб»±a chб»Ќn vЕ© khГ­ thбєҐt bбєЎi
1459	Khб»џi Д‘б»™ng vЕ© khГ­ cГґng thГ nh thбєҐt bбєЎi
1460	Triб»‡u tбє­p CГґng thб»§
1461	Triб»‡u tбє­p GiГЎo binh
1462	Thiбєїt lбє­p HГІn Д‘ГЎ sinh mб»‡nh
1463	Tб»‘c Д‘б»™ tбєҐn cГґng +25
1464	CГі tГЎc dб»Ґng trong 30 giГўy
1465	Chб»‰ cГі tГЎc dб»Ґng trГЄn TЖ°б»Јng hб»™ vб»‡ vГ  CГґng ThГ nh
1466	Tб»‰ lб»‡ chГ­nh xГЎc vГ  khбєЈ nДѓng sГЎt thЖ°ЖЎng cao
1467	CГі thб»ѓ sб»­ dб»Ґng Д‘Ж°б»Јc cГЎc tuyб»‡t chiГЄu Д‘бє·c biб»‡t
1468	KhГґng thб»ѓ di chuyб»ѓn
1469	TДѓng mana cao nhбєҐt
1470	KГ­ch hoбєЎt khбєЈ nДѓng tГ ng hГ¬nh
1471	TДѓng sб»©c Д‘ГЎnh 20%%
1472	Tб»‘c Д‘б»™ Д‘ГЎnh +20
1473	BбєЎn cГі thб»ѓ dГ№ng Д‘Ж°б»Јc tuyб»‡t chiГЄu
1474	Chб»‰ cГі thб»ѓ dГ№ng chiГЄu nГ y lГєc CГґng ThГ nh
1475	Cбє§n Д‘iб»Ѓu khiб»ѓn
1476	CГґng tГЎc nГ y cГі thб»ѓ Д‘Гіng
1477	hoбє·c mб»џ cб»•ng thГ nh
1478	HГЈy chГє ГЅ vб»‹ trГ­ cб»§a quГўn Д‘б»‹ch
1479	Mб»џ ra
1480	KГ­ch hoбєЎt tuyб»‡t chiГЄu %s
1481	TГЎc dб»Ґng trong vГІng %d giГўy
1482	Sб»­ dб»Ґng б»џ khu vб»±c ngoГ i thГЎp Rб»“ng trong trбє­n cГґng thГ nh
1483	YГЄu cбє§u Kill Point: %d Д‘iб»ѓm
1484	BбєЎn Д‘ГЈ di chuyб»ѓn ra khб»Џi vб»‹ trГ­ Phong бєҐn Phб»Ґ
1485	BбєЎn Д‘ang giб»Ї vб»‹ trГ­ Phong бєҐn Phб»Ґ
1486	Дђб»‘i vб»›i liГЄn minh %s
1487	KhГґng cГі ai
1488	%s Д‘ang Phong бєҐn
1489	BбєЎn Д‘ang phong бєҐn
1490	ДђГЈ Phong бєҐn thГ nh cГґng
1491	PhГІng бєҐn thбєҐt bбєЎi
1492	Phe khГЎc Д‘ang phong бєҐn!
1493	Lб»›p bбєЈo bб»‡ Д‘Г i Phong бєҐn Д‘ГЈ bб»‹ phГЎ vб»Ў!
1494	Lб»›p bбєЈo bб»‡ Д‘Г i Phong бєҐn Д‘ГЈ Д‘Ж°б»Јc tГЎi tбєЎo!
1495	Phong бєҐn thГ nh cГґng
1496	LiГЄn minh %s Д‘ang phong бєҐn
1497	LiГЄn minh %s Д‘ГЈ phong бєҐn thГ nh cГґng
1498	BбєЎn muб»‘n bб»Џ cuб»™c chiбєїn CГґng ThГ nh thбє­t chб»©?
1499	TбєҐn cГґng
1500	KhГґng thб»ѓ xem thГґng tin cГґng thГ nh
1501	ThГґng tin khГґng bГ¬nh thЖ°б»ќng
1502	KhГґng cГі Hб»™i nГ o trong ThГ nh
1503	ДђДѓng kГЅ CГґng ThГ nh thбєҐt bбєЎi
1504	ДђДѓng kГЅ thГ nh cГґng
1505	ДђГЈ Д‘Дѓng kГЅ rб»“i
1506	BбєЎn thuб»™c Hб»™i thб»§ ThГ nh
1507	LiГЄn minh khГґng giГ nh Д‘Ж°б»Јc quyб»Ѓn cГґng thГ nh
1508	CбєҐp bбє­c cб»§a Chб»§ hб»™i quГЎ thбєҐp!
1509	KhГґng cГі vб»‹ trГ­ cб»§a Hб»™i
1510	Thб»ќi gian Д‘Дѓng kГЅ CГґng ThГ nh chЖ°a Д‘бєїn
1511	Hб»™i cГІn thiбєїu ThГ nh viГЄn
1512	Hб»§y quyб»Ѓn tham gia CГґng ThГ nh thбєҐt bбєЎi
1513	ДђГЈ hб»§y quyб»Ѓn tham gia thГ nh cГґng
1514	KhГґng thuб»™c liГЄn minh Д‘Дѓng kГЅ CГґng thГ nh
1515	KhГґng phбєЈi thб»ќi gian cГґng thГ nh
1516	ДђДѓng kГЅ thбєҐt bбєЎi
1517	Hб»™i cб»§a bбєЎn khГґng tham gia trong trбє­n nГ y
1518	ДђДѓng kГЅ sai
1519	Mua vГ o thбєҐt bбєЎi
1520	KhГґng Д‘б»§ lЖ°б»Јng Zen cбє§n thiбєїt
1521	BбєЎn khГґng cГі Д‘б»§ ДђГЎ Hб»™ Mб»‡nh
1522	LoбєЎi! KhГґng hб»Јp lб»‡!
1523	GiГЎ yГЄu cбє§u sai
1524	NPC khГґng tб»“n tбєЎi
1525	ThбєҐt bбєЎi! KhГґng nhбє­n Д‘Ж°б»Јc tiб»Ѓn thuбєї
1526	ThбєҐt bбєЎi! KhГґng tГ¬m Д‘Ж°б»Јc thГґng tin tiб»Ѓn thuбєї
1527	ThбєҐt bбєЎi! KhГґng xuбєҐt tiб»Ѓn Thuбєї Д‘Ж°б»Јc
1528	CГі tб»ѓ Д‘Дѓng kГЅ
1529	TГ¬nh trбєЎng
1530	Rena
1531	Hб»§y bб»Џ
1532	TuyГЄn chiбєїn
1533	Tб»« %u-%u-%u %u : %u 
1534	Дђбєїn %u-%u-%u %u : %u 
1535	KhГґng phбєЈi thб»ќi gian CГґng ThГ nh
1536	Thб»ќi gian yГЄu cбє§u CГґng ThГ nh
1537	Giai Д‘oбєЎn: ДђДѓng KГЅ
1538	BбєЇt Д‘бє§u cho phГ©p Д‘Дѓng kГЅ
1539	Giai Д‘oбєЎn: Nб»™p Rena
1540	BбєЇt Д‘бє§u cho phГ©p nб»™p Rena
1541	Thб»ќi gian chuбє©n bб»‹ CГґng ThГ nh
1542	Thб»ќi gian CГґng ThГ nh
1543	Thб»ќi gian Д‘Г¬nh chiбєїn
1544	Trбє­n CГґng ThГ nh Д‘ГЈ kбєїt thГєc
1545	Thб»ќi gian cб»§a trбє­n CГґng ThГ nh sбєЇp tб»›i
1546	lГ  %u-%u-%u %u: %u
1547	ДђГЈ TuyГЄn Chiбєїn
1548	Thб»ќi gian cho Д‘Дѓng kГЅ
1549	RГєt lui
1550	NГўng cбєҐp
1551	XГўy lбєЎi thГ nh sau chiбєїn tranh
1552	Дђб»ѓ xГўy lбєЎi thГ nh trГ¬ bб»‹ tГ n phГЎ sau chiбєїn tranh
1553	BбєЎn cбє§n %d ДђГЎ Hб»™ Mб»‡nh vГ  %d Zen
1554	BбєЎn cГі Д‘б»“ng ГЅ khГґng?
1555	Дђб»ѓ nГўng cбєҐp lЖ°б»Јng HP cб»§a CГґng ThГ nh
1556	NГўng cao Д‘б»™ kiГЄn cб»‘ (DEF) cб»§a cГґng thГ nh
1557	Hб»‡ thб»‘ng phГІng thб»§
1558	Mua
1559	Sб»­a Д‘б»“
1560	LЖ°б»Јng HP: %d / %d
1561	PhГІng thб»§: %d
1562	KhбєЈ nДѓng phб»Ґc hб»“i: %d%%
1563	LЖ°б»Јng HP +%d
1564	PhГІng thб»§ +%d
1565	KhбєЈ nДѓng phб»Ґc hб»“i +%d%%
1566	Mб»©c thuбєї б»џ mГЎy Г©p chaos: %d%%
1567	Mб»©c thuбєї trГЄn NPC: %d%%
1568	BбєЎn cГі chбєЇc khГґng?
1569	Nhбє­p sб»‘ tiб»Ѓn gб»­i
1570	Tб»‘i Д‘a lГ  50.000.000 Zen
1571	Nhбє­p sб»‘ tiб»Ѓn rГєt ra
1572	Дђiб»Ѓu chб»‰nh tiб»Ѓn Thuбєї
1573	Thuбєї Г©p Chaos: %d (%d)%%
1574	Thuбєї NPC: %d (%d)%%
1575	Thuбєї Д‘Ж°б»Јc ГЎp dб»Ґng trГЄn tбєҐt cбєЈ cГЎc
1576	mГЎy Г©p Chaos vГ  Shop NPC
1577	trГЄn tбєҐt cбєЈ cГЎc sub-server
1578	Thuбєї mГЎy Г©p 3%% vГ  thuбєї trГЄn shop NPC 3%%
1579	SбєЅ cГі hiб»‡u lб»±c sau khi Д‘Ж°б»Јc Д‘iб»Ѓu chб»‰nh
1580	Chб»‰ Д‘б»‹nh:
1581	1. Chб»‰ cГі nhГ  Vua cГі quyб»Ѓn chб»‰nh thuбєї
1582	2. CГі thб»ѓ Д‘iб»Ѓu chб»‰nh Thuбєї nhiб»Ѓu lбє§n
1583	3. CГі thб»ѓ chб»‰nh thuбєї NPC, MГЎp Г©p
1584	Quб»‘c khб»‘: %I64d
1585	Quб»‘c khб»‘ lГ  nЖЎi lЖ°u trб»Ї sб»‘ tiб»Ѓn cГі
1586	Д‘Ж°б»Јc tб»« viб»‡c Д‘ГЎnh ThuГЄ. BбєЎn cГі thб»ѓ.
1587	DГ№ng tiб»Ѓn nГ y Д‘б»ѓ nГўng cбєҐp ThГ nh.
1588	ДђбєЎi Tб»•ng QuбєЈn Senior
1589	CГґng
1590	TЖ°б»Јng
1591	Thuбєї
1592	Thiбєїt lбє­p vГ№ng cбєҐm Д‘б»‹a
1593	BЖ°б»›c vГ o
1594	HГЈy nhбє­p sб»‘ tiб»Ѓn
1595	Tб»‘i Д‘a lГ  300.000 Zen
1596	Vб»‡ binh HoГ ng Gia
1597	CбєҐm Д‘б»‹a HoГ ng gia
1598	Cho ngЖ°б»ќi ngoГ i LiГЄn minh vГ o
1599	Дђб»‹nh mб»©c phГ­ Д‘б»ѓ vГ o VГ№ng Д‘бєҐt Thб»­ thГЎch
1600	Lб»‡ phГ­ cГі thб»ѓ chб»‰nh tб»« 0 Zen Д‘бєїn %s Zen
1601	LЖ°u ГЅ
1602	Lб»‡ phГ­: %s Zen
1603	Thuб»™c phe
1604	Chб»§ ThГ nh
1605	Phe cГґng
1606	Phe thб»§
1607	Chб»§ liГЄn minh
1608	LiГЄn minh
1609	ChЖ°a xГЎc Д‘б»‹nh
1610	Quyбєїt Д‘б»‹nh xГўy TЖ°б»ќng bбєЈo vб»‡
1611	Quyбєїt Д‘б»‹nh xГўy TЖ°б»ќng bбєЈo vб»‡
1612	BбєЎn cГі Д‘б»“ng ГЅ khГґng ?
1613	Дђб»ѓ nГўng cбєҐp lЖ°б»Јng HP cб»§a TЖ°б»Јng bбєЈo vб»‡
1614	Дђб»ѓ nГўng cбєҐp khбєЈ nДѓng phГІng thб»§ cб»§a TЖ°б»Јng bбєЈo vб»‡
1615	Дђб»ѓ nГўng cбєҐp khбєЈ nДѓng phб»Ґc hб»“i cб»§a TЖ°б»Јng bбєЈo vб»‡
1616	ДђГЈ tб»“n tбєЎi
1617	BбєЎn cГі sб»‘ tiб»Ѓn lГ : %d Zen
1618	ДђЖЎn vб»‹ tДѓng / giбєЈm lГ  %s Zen
1619	HoГ n tбєҐt
1620	GiГЎ mua %s (%s)
1621	Tб»• hб»Јp thГґng thЖ°ЖЎng (tб»‰ lб»‡ thuГЄ %d%%)
1622	Sб»‘ Zen cбє§n thiбєїt: %s (%s)
1623	Tб»‰ lб»‡ thuбєї lГ : %d%%
1624	Дђб»‘i vб»›i cГЎc thГ nh viГЄn ngoГ i LiГЄn minh thГ¬
1625	viб»‡c ra vГ o vГ№ng Д‘бєҐt nГ y cГі thб»ѓ Д‘Ж°б»Јc quбєЈn lГЅ
1626	BбєЎn cГі thб»ѓ bЖ°б»›c vГ o
1627	Chб»§ LiГЄn minh cб»§a NhГ  Vua Д‘Ж°б»Јc vГ o miб»…n phГ­
1628	BбєЎn khГґng Д‘б»§ Zen Д‘б»ѓ vГ o
1629	Chб»‰ khi nГ o vб»‹ vua cб»§a MU cho phГ©p
1630	thГ¬ bбєЎn mб»›i cГі thб»ѓ bЖ°б»›c vГ o....
1631	Thб»­ Д‘i tГ¬m vб»‹ Vua hб»Џi lбєЎi xem !
1632	Lб»‡ phГ­: %s Zen
1633	Cho phГ©p ngЖ°б»ќi lбєЎ vГ o Cбє§m Дђб»‹a HoГ ng Gia
1634	BбєЎn cГі muб»‘n vГ o khГґng?
1635	KhГґng thб»ѓ thoГЎt khб»Џi Hб»™i trong khi Д‘ang CГґng ThГ nh
1636	Cбє§n lЖ°б»Јng Zen lГ : %s(%s) Д‘б»ѓ mua dung dб»‹ch
1637	KhбєЈ nДѓng phб»‘i hб»Јp bб»‹ giб»›i hбєЎn trong khi CГґng ThГ nh
1638	Tб»‘c Д‘б»™ phб»Ґc hб»“i mГЎu: +8
1639	Gia tДѓng sб»©c chб»‘ng Д‘б»Ў BДѓng vГ  SГ©t
1640	Store
1641	ThГґng tin sб»­ dб»Ґng
1642	Chб»‰ cГі NhГ  Vua mб»›i cГі thб»ѓ sб»­ dб»Ґng
1643	PhбєЈiД‘б»ѓ trong thГ№ng Д‘б»“ (I) 4x5
1644	Hб»Ўi Дђб»©c Vua cб»§a lб»Ґc Д‘б»‹a MU
1645	Nбєїu ngЖ°ЖЎi tГ¬m Д‘Ж°б»Јc Д‘б»§ Ngб»Ќc ЖЇб»›c Nguyб»‡n, Ngб»Ќc TГўm
1646	Linh vГ  HГІn Д‘ГЎ Hб»™ mб»‡nh, ta cГі thб»ѓ phГ№ trб»Ј
1647	ngЖ°ЖЎi tГ¬m ra cГЎc bГЎu vбє­t tuyб»‡t Д‘б»‰nh thбєї gian
1648	CГЎc BГЎu vбє­t nГ y sбєЅ giГєp ngЖ°б»ќi mГЈi mГЈi thб»‘ng
1649	nhбєҐt thiГЄn hбєЎ....
1650	BГ¬nh tДѓng Mana
1651	BГ¬nh tДѓng HP
1652	KhГґng cбє§n phбєЈi bЖ°б»›c vГ o Kalima
1653	Gia tДѓng sб»©c mбєЎnh
1654	KhГґng thб»ѓ xГіa nhГўn vбє­t khi Д‘ГЈ gia nhбє­p Hб»™i
1655	BбєЎn cГі thб»ѓ dГ№ng Ngб»Ќc ЖЇб»›c Nguyб»‡n, Ngб»Ќc TГўm Linh
1656	vГ  HГІn Д‘ГЎ Hб»™ mб»‡nh Д‘б»ѓ tбєЎo ra nhб»Їng BГЎu vбє­t
1657	Cб»±c kб»і quГЅ giГЎ
1658	NgЖ°б»ќi SГіi Lycan
1659	TГґi lГ  tбєЎo vбє­t mГ  Д‘ГЈ nhбє­n Д‘Ж°б»Јc cбєЈ lб»ќi nguyб»‡n lбє«n trб»Ќng trГЎch Sama Luguard. Nбєїu bбєЎn cГі nhб»Їng quy cГЎch bбєЎn sбєЅ nhбє­n Д‘Ж°б»Јc sб»± giГєp Д‘б»Ў cб»§a tГґi
1660	Nбєїu bбєЎn tГ¬m gбє·p Д‘Ж°б»Јc Thбє§y Tu, thГ¬ WareWolf Quarrel sбєЅ cho phГ©o bбєЎn vГ o  Doanh trбєЎi cб»§a Balgas
1661	HГЈy Д‘Ж°a cho tГґi 300.000 zen Д‘б»ѓ vГ o.
1662	NgЖ°б»ќi giб»Ї cб»•ng
1663	Hm... BбєЎn lГ  ai ? CГі sб»± rбєЇc rб»‘i Г  ! ... BбєЎn cГі sб»± cho phГ©p Д‘б»ѓ vГ o Refuge of Balgas khГґng ?
1664	Vб»›i nб»™i lб»±c cб»§a 12 ngЖ°б»ќi theo hбє§u cб»§a Sama Luguard Д‘ГЈ mб»џ lб»‘i Д‘i vГ o 'Refuge of Balgas' Д‘Ж°б»Јc bГ­ mбє­t bбєЈo vб»‡ bб»џi ГЎnh sГЎng Д‘Гґi mбєЇt cб»§a NgЖ°б»ќi GГЎc Дђб»Ѓn
1665	NguyГЄn liб»‡u Д‘б»ѓ tбєЎo cГЎnh cбєҐp 3
1666	LГґng VЕ© Condor
1667	CГЎnh cбєҐp 3
1668	ThiГЄn Kiбєїm
1669	ThiГЄn Sб»©
1670	ThiГЄn Nб»Ї
1671	ThiГЄn TЖ°б»›ng
1672	ThiГЄn VЖ°ЖЎng
1673	%d%% PhбєЈn Д‘ГІn khi cбє­n chiбєїn
1674	%d%% KhбєЈ nДѓng phб»Ґc hб»“i hoГ n toГ n HP
1675	%d%% KhбєЈ nДѓng phб»Ґc hб»“i hoГ n toГ n Nб»™i lб»±c
1676	Cб»­a cб»§a bбєЎn sбєЅ bб»‹ Д‘Гіng khi bбєЎn bЖ°б»›c vГ o Refuge of Balgas
1677	Refuge of Balgas chб»‰ mб»џ cб»­a khi bбєЎn Д‘ang thi hГ nh nhiб»‡m vб»Ґ 3
1678	Doanh trбєЎi Balgass
1679	NЖЎi бє©n thГўn cб»§a Balgass
1680	Sб»«ng gбє«y Fenrir, Huyбєїt ThЖ°, LГґng VЕ© Condor
1681	TГЎn gбє«u thГґng thЖ°б»ќng
1682	TГЎn gбє«u trong NhГіm
1683	TГЎn gбє«u trong Hб»™i
1684	ThГ¬ thбє§m tбєЇt/mб»џ
1685	Tin nhбєЇn hб»‡ thб»‘ng
1686	TГЎn gбє«u bбєЎn bГЁ mб»џ/tбєЇt (F5)
1687	Thuбє­t SД©
1688	Thuбє­t SЖ°
1689	Phб»Ґc Ma
1690	Thuбє­t SД© - Nб»Ї thбє§n cб»§a Elbeland sб»­ dб»Ґng cГЎc kб»№ nДѓng phГ©p thuбє­t. Hб»Ќ cГі thб»ѓ triб»‡u tбє­p nhб»Їng linh vбє­t cб»§a thбєї giб»›i khГЎc.
1691	Gia tДѓng %d%% lб»±c nguyб»Ѓn rб»§a
1692	Lб»±c nguyб»Ѓn rб»§a: %d~%d
1693	Ma lб»±c nguyб»Ѓn rб»§a: %d~%d (+%d)
1694	Ma lб»±c nguyб»Ѓn rб»§a: %d~%d
1695	Kб»№ nДѓng thГўm hiб»ѓm (Mana: %d)
1696	Kб»№ nДѓng triб»‡u hб»“i (NДѓng lЖ°б»Јng: %d)
1697	Lб»±c nguyб»Ѓn rб»§a bб»• sung +%d
1698	CГі thб»ѓ truy cбє­p vГ o PC
1699	Season 2 experience (PC room)
1700	TбєЎo nhГўn vбє­t
1701	Sб»©c mбєЎnh
1702	Nhanh nhбє№n
1703	Thб»ѓ lб»±c
1704	NДѓng lЖ°б»Јng
1705	PhГ№ Thб»§y: Sб»©c khб»Џe thбєҐp nhЖ°ng cГі ma lб»±c mбєЎnh, sб»­ dб»Ґng khГґng giб»›i hбєЎn ma thuбє­t tбєҐn cГґng
1706	Chiбєїn Binh: RбєҐt mбєЎnh trong trбє­n Д‘ГЎnh cбє§n chiбєїn vб»›i sб»©c chб»‹u Д‘б»±ng cao, cГі khбєЈ nДѓng sб»­ dб»Ґng tбєҐt cбєЈ cГЎc vЕ© khГ­
1707	TiГЄn Nб»Ї: Sб»­ dб»Ґng tб»‘t Cung hoбє·c Nб»Џ, nГЄn cГі khбєЈ nДѓng tбєҐn cГґng tб»« xa tб»‘t - Hoбє·c kб»№ nДѓng hб»— trб»Ј ngЖ°б»ќi khГЎc
1708	ДђбєҐu sД©: CГі khбєЈ nДѓng chiбєїn Д‘бєҐu gan hoбє·c sб»­ dб»Ґng cГЎc chб»©c nДѓng ma thuбє­t
1709	ChГєa Tб»ѓ: CГі nДѓng lб»±c lГЈnh Д‘бєЎo mбєЎnh, cГі thб»ѓ sб»­ dб»Ґng Ngб»±a Tinh vГ  Qб»Ґa Tinh
1710	ChЖЎi game nhiб»Ѓu cГі hбєЎi cho sб»©c khб»Џe. HГЈy sбєЇp xбєїp thб»ќi gian cho hб»Јp lГЅ
1711	KhГґng thб»ѓ xГіa nhГўn vбє­t cГі cбєҐp Д‘б»™ trГЄn %d
1712	BбєЎn muб»‘n xГіa nhГўn vбє­t %s?
1713	Vui lГІng nhбє­p vГ o mГЈ 7 sб»‘ bГЄn dЖ°б»›i
1714	ДђГЈ xГіa nhГўn vбє­t thГ nh cГґng
1715	KhГґng Д‘Ж°б»Јc dГ№ng kГЅ tб»± Д‘бє·c biбєїt
1716	TГЄn nhГўn vбє­t khГґng hб»Јp lб»‡, hoбє·c tГЄn Д‘ГЈ tб»“n tбєЎi
1717	Re Arl theo nghia co la Canh Thien Su, nguoi mang canh nay se bi loi nguyen rang ho se chet trong tay cua nhung nguoi ban va anh em cua ho
1718	ДђЖ°б»Јc bбєЇt nguб»“n tб»« tГЄn cб»§a Thбє§n Rugate ГЎnh sГЎng, Rugate lГ  ngЖ°б»ќi cai trб»‹ ThiГЄn Д‘Ж°б»ќng vГ  lГ  thбє§n cai quбєЈn ГЎnh sГЎng
1719	Mulen lГ  mб»™t trong ba anh hГ№ng Д‘б»©ng Д‘бє§u dб»±ng lГЄn Secneum, thб»‘ng nhбєҐt lб»Ґc Д‘б»‹a MU vГ  lГЄn ngГґi HoГ ng Д‘бєї Д‘бє§u tiГЄn cб»§a Д‘бєї chбєї nГ y
1720	CГі nguб»“n gб»‘c tб»« Reksmillon - lГ  ThГЎnh cб»§a Mulen, theo tб»« cб»• Reksmillon cГі nghД©a lГ  'NgЖ°б»ќi nhбє­n tГ¬nh yГЄu'
1721	CГі nguб»“n gб»‘c tб»« tГЄn cб»§a ДђбєҐu SД© Caion tб»‘i cao tб»«ng nhбє­n Д‘Ж°б»Јc cбєЈm tГ¬nh cб»§a Mulen, sau Д‘Гі Caion phбєЈn bб»™ Mulen Д‘б»ѓ tЖ°б»›c Д‘oбєЎt thanh kiбєїm thбє§n
1722	Lune lГ  tГЄn riГЄng cб»§a Lunedill, lГ  mб»™t trong ba anh hГ№ng Д‘Гіng dбєҐu lГЄn Secneum, cб»‘ бєҐy lГ  lГЈnh Д‘бєЎo cГЎc tiГЄn vГ  nб»Ї hoГ ng cб»§a Noria
1723	Siren Д‘Ж°б»Јc gб»Ќi lГ  ngГґi sao dбє«n Д‘Ж°б»ќng, lГ  ngГґi sao duy nhбєҐt khГґng thay Д‘б»•i vб»‹ trГ­ nГЄn nГі Д‘Ж°б»Јc dГ№ng Д‘б»ѓ xem phЖ°ЖЎng hЖ°б»›ng
1724	Elka lГ  thГ nh viГЄn cб»§a thбє§n tб»™c Rugate, lГ  nб»Ї thбє§n ГЎi tГ¬nh quбєЈn lГЅ sб»± may mбєЇn vГ  hГІa bГ¬nh
1725	Titan lГ  ngЖ°б»ќi khб»•ng lб»“ bбєЈo vб»‡ Kethothum - nЖЎi Д‘ГЈ phong бєҐn Kundun. ДђбєЎi phГЎp sЖ° Etramus lГ  ngЖ°б»ќi Д‘ГЈ tбєЎo ra Titan
1726	Moah lГ  nЖЎi thбє§n bГ­ mГ  truyб»Ѓn thuyбєїt kб»ѓ rбє±ng khГґng ai cГі thб»ѓ Д‘бє·t chГўn vГ o, lГ  hГІn Д‘бєЈo trong truyб»Ѓn thuyбєїt nбє±m cГЎch lб»Ґc Д‘б»‹a MU khГґng xa
1727	CГі nguб»“n gб»‘c tб»« tГЄn cб»§a GiГЎo HoГ ng Yuzura cб»§a tб»™c Caruda, Yuzura giГєp Lunedill Д‘Ж°a Kylian lГЄn ngГґi vua - Kylian lГ  con trai cб»§a Mulen
1728	CГі nguб»“n gб»‘c tб»« Tarkan , theo vДѓn tб»± cб»‘ Tar cГі nghД©a lГ  lГ n gб»Јn trГЄn cГЎt sa mбєЎc
1729	Atlans lГ  tГЄn thГ nh phб»‘ dЖ°б»›i Д‘ГЎy biб»ѓn, Д‘Ж°б»Јc nhб»Їng ngЖ°б»ќi Kantru tбєЎo ra vГ  phГЎt triб»ѓn, nГі cГі nб»Ѓn minh sГЎng chГіi hЖЎn cбєЈ quГЄ hЖ°ЖЎng Kantru
1730	Tб»« rГєt ngбєЇn cб»§a ' Torohta de Rasa' theo tб»± cб»‘ cГі nghД©a lГ  'ngЖ°б»ќi khГґn ngoan nhбєҐt thбєї gian', lГ  tб»« dГ№ng Д‘б»ѓ gб»Ќi phГ№ thб»§y cб»§a Arca
1731	CбєҐu vДѓn trГЄn bia mб»™ Nacal lГ  di tГ­ch Д‘Ж°б»Јc cГЎc hб»Ќc gia lб»‹ch sб»­ khГЎi quГЎt, trГЄn Д‘Гі khбєЇc tГЄn anh hГ№ng cбєЈ vб»ѓ ba anh hГ№ng tб»«ng tham gia vГ o chiбєїn tranh vб»›i quб»· lбє§n thб»© hai
1732	CГі nguб»“n gб»‘c tб»« tГЄn cб»§a ДђбєЎi PhГ№ Thб»§y Etramus, Etramus Д‘ГЈ hy sinh cuб»™c sб»‘ng cб»§a mГ¬nh Д‘б»ѓ bбєЈo vб»‡ hГІn Д‘ГЎ Д‘Гіng dбєҐu lГЄn Kundun
1733	Calla lГ  nб»Ї hoГ ng khЖЎi thб»§y cб»§a Noria vГ  ngЖ°б»ќi bбєЎn Rugate vГ o lб»Ґc Д‘б»‹a MU, theo tб»± cб»• nГі cГі nghД©a lГ  Vб»‹ tiГЄn vД© Д‘бєЎi
1734	ДђЖ°б»Јc gб»Ќi lГ  ngГґi sao vбє­n mб»‡nh. Nбєїu viб»‡c khГґng may mбєЇn liГЄn quan Д‘бєїn vбє­n mб»‡nh xбєЈy ra б»џ lб»Ґc Д‘б»‹a Mu thГ¬ ngб»“i sao vбє­n mб»‡nh sбєЅ cГі phбєЈn б»©ng trЖ°б»›c
1735	ДђГўy lГ  nб»Ѓn vДѓn minh Д‘Ж°б»Јc truyб»Ѓn tб»Ґng lГ  vДѓn tб»± cб»‘ cб»§a Lб»Ґc Дђб»‹a MU. NГЄn vДѓn minh nay cГі hiб»‡u hб»Їu hay khГґng. ДђГЎng lГ  Д‘б»Ѓ tГ i gГўy tranh cГЈi khГґng ngб»«ng giб»Їa cГЎc nhГ  lб»‹ch sб»­ hб»Ќc
1736	ДђГўy lГ  hГІn Д‘ГЎ ma thuбє­t lб»›n cГі hГ¬nh dГЎng nб»Ї thбє§n, tб»“n tбєЎi б»џ vГ№ng trung tГўm cб»§a thГ nh phб»‘ dЖ°б»›i lГІng Д‘бєҐt Kantru. Nhб»Їng ngЖ°б»ќi Kantru nhбє­n cГЎch hГіa hГІn Д‘ГЎ ma thuбє­t nГ y vГ  gб»Ќi tГЄn lГ  Maya
1737	ДђГўy lГ  test server
1738	Chб»‰ huy
1739	ChЖЎi game nhiб»Ѓu cГі hбєЎi cho sб»©c khб»Џe
1740	HГЈy sбєЇp xбєїp chЖЎi game cho hб»Јp lГЅ Д‘б»ѓ Д‘бєЈm bбєЈo sб»©c khб»Џe cб»§a bбєЎn
1741	Hб»‡ thб»‘ng (Esc)
1742	HЖ°б»›ng dбє«n (F1)
1743	BбєЈn Д‘б»“ (M)
1744	Menu (U)
1745	Master
1746	CбєҐp Master: %d
1747	Дђiб»ѓm Master: %d
1748	Kinh nghiб»‡m: %I64d / %I64d
1749	CГўy kб»№ nДѓng (A)
1750	Nhбє­n Д‘Ж°б»Јc %d Д‘iб»ѓm Master
1751	HГІa BГ¬nh: %d
1752	TrГ­ Tuб»‡: %d
1753	SiГЄu NhiГЄn: %d
1754	ThбєҐn BГ­: %d
1755	BбєЈo Hб»™: %d
1756	DЕ©ng MГЈnh: %d
1757	Phбє«n Nб»™: %d
1758	Anh HГ№ng: %d
1759	GiГЎm Hб»™: %d
1760	BбєҐt Diб»‡t: %d
1761	Cuб»“ng Phong: %d
1762	Дђб»©c tin: %d
1763	KiГЄn CЖ°б»ќng: %d
1764	SД© KhГ­: %d
1765	Cб»©u CГЎnh: %d
1766	Chiбєїn ThбєЇng: %d
1767	Quyбєїt ДђoГЎn: %d
1768	ChГ­nh NghД©a: %d
1769	Chinh Phб»Ґc: %d
1770	Vinh Danh: %d
1771	BбєЎn muб»‘n tДѓng thuб»™c tГ­nh nГ y?
1772	Дђiб»ѓm cбєҐp Д‘б»™ Master cбє§n thiбєїt: %d
1773	Дђiб»ѓm hiб»‡n tбєЎi: %d
1774	CбєҐp Д‘б»™: %d
1775	Дђiб»ѓm yГЄu cбє§u: %d
1776	Gia tДѓng: %d%%
1777	Gia tДѓng %d
1778	QuГ ng TrЖ°б»ќng Quб»· %d (GiГ nh cho cбєҐp Master)
1779	Huyбєїt LГўu %d (GiГ nh cho cбєҐp Master)
1780	Phб»Ґc hб»“i nДѓng lЖ°б»Јng Mana/%d 
1781	Phб»Ґc hб»“i mГЎu HP/%d 
1782	Phб»Ґc hб»“i lб»›p bбєЈo vб»‡ SD/%d 
1783	HбєҐp thб»Ґ sГЎt thЖ°ЖЎng Д‘a 5%%
1784	Gia tДѓng sГЎt thЖ°ЖЎng theo tб»«ng cбєҐp Д‘б»™
1785	Hiб»‡u quбєЈ: TДѓng thГЄm lЖ°б»Јng hб»“i phб»Ґc %d%%
1786	Gia tДѓng hiб»‡u quбєЈ mб»—i 2%% vГ  sб»± khГЎc biб»‡t Д‘бєіng cбєҐp tДѓng cЖ°б»ќng
1787	Tб»«ng bЖ°б»›c cГі hiб»‡u lб»±c б»џ GangWa
1788	GiбєЈm %d%%
1789	Tuyб»‡t chiГЄu Pollution(Mana: %d)
1800	GiбєЈi nГ©n Ngб»Ќc
1801	Kбєїt hб»Јp Ngб»Ќc
1802	Ngб»Ќc ЖЇб»›c Nguyб»‡n vГ  Ngб»Ќc TГўm Linh
1803	CГі thб»ѓ kбєїt hб»Јp ngб»Ќc
1804	TrЖ°б»›c tiГЄn hГЈy chб»Ќn loбєЎi Ngб»Ќc Д‘б»ѓ Kбєїt hб»Јp
1805	NhбєҐn nГєt chб»Ќn sб»‘ lЖ°б»Јng cбє§n Kбєїt hб»Јp
1806	Ngб»Ќc ЖЇб»›c Nguyб»‡n
1807	Ngб»Ќc TГўm Linh
1808	Kбєїt hб»Јp %d ngб»Ќc sбєЅ cбє§n %d Zen
1809	%s BбєЎn muб»‘n kбєїt hб»Јp %d viГЄn ngб»Ќc nГ y?
1810	Chi phГ­ cho viб»‡c kбєїt hб»Јp: %d Zen
1811	ChЖ°a Д‘б»§ sб»‘ Zen yГЄu cбє§u
1812	Vбє­t khГґng thГ­ch hб»Јp
1813	BбєЎn muб»‘n giбєЈi nГ©n: %s + %d?
1814	PhГ­ Д‘б»ѓ giбєЈi nГ©n: %d Zen
1815	TГєi Д‘б»“ khГґng Д‘б»§ chб»—
1816	Thб»±c hiб»‡n
1817	CГІn thiбєїu vбє­t liб»‡u cбє§n thiбєїt Д‘б»ѓ tб»• hб»Јp
1818	KhГґng dГ№ng Д‘Ж°б»Јc tГ¬nh trбєЎng nГ y
1819	Ngб»Ќc Д‘ГЈ nГ©n. Sб»‘ lЖ°б»Јng: %d viГЄn %s
1820	Chб»‰ cГі thб»ѓ sб»­ dб»Ґng sau khi giбєЈi nГ©n Ngб»Ќc
1821	ThГ№ng Д‘б»“ cб»§a bбєЎn cГі thб»ѓ chб»©a %d ngб»Ќc
1822	Sau khi chб»Ќn lб»±a, nhбєҐn nГєt GiбєЈi tГЎn.
1823	CбєЈm ЖЎn! Ta Д‘ГЈ tГ¬m lбєЎi Д‘Ж°б»Јc vЕ© khГ­ cбє§n cГі
1824	BбєЎn Д‘ГЈ bГ¬nh an sб»‘ng sГіt trб»џ vб»Ѓ
1825	CбєЈm ЖЎn nhiб»Ѓu vГ¬ Д‘ГЈ giГєp Д‘б»Ў
1826	BбєЎn Д‘ГЈ mбєЎnh mбєЅ rб»“i!
1827	TГґi sбєЅ hб»— trб»Ј cГЎc bбєЎn sб»©c tбєҐn cГґng vГ  khбєЈ nДѓng chб»‘ng Д‘б»Ў.
1828	HГЈy nhбє­n sб»± hб»— trб»Ј Д‘б»ѓ cбєЈi thiб»‡n sб»©c tбєҐn cГґng vГ  khбєЈ nДѓng chб»‘ng Д‘б»Ў
1829	Thб»±c tбєї
1830	BбєЎn Д‘ГЈ nhбє­n Д‘Ж°б»Јc sб»± hб»— trб»Ј
1831	Tinh thб»ѓ Дђб»Џ
1832	Tinh thб»ѓ Xanh
1833	Tinh thб»ѓ Дђen
1834	Hб»Ќp kho bГЎu
1835	[Tinh thб»ѓ Xanh/Tinh thб»ѓ Дђб»Џ/Tinh thб»ѓ Дђen]
1836	CГі thб»ѓ sб»­ dб»Ґng Д‘б»ѓ pha trб»™n hoбє·c nГ©m ra Д‘бєҐt
1837	PhГЎo vб»«a nб»• Д‘ГЈ biбєїn mбєҐt
1838	MГіn quГ  bбєҐt ngб»ќ
1839	Nбєїu nГ©m xuб»‘ng Д‘бєҐt sбєЅ nhбє­n Д‘Ж°б»Јc quГ  tбє·ng
1840	Дђб»“ hб»Ќa
1841	Nбєїu tбє­p hб»Јp Д‘Ж°б»Јc tinh thб»ѓ trong thб»ќi gian event thГ¬ bбєЎn sбєЅ nhбє­n Д‘Ж°б»Јc mГіn quГ  Д‘бє·c biб»‡t
1845	ChГ©n BбєЎc
1850	Aida
1851	PhГЎo ДђГ i SГіi
1852	Kalima
1853	Elbeland
1854	Дђбє§m Lбє§y Chбєїt
1855	Raklion
1856	TЖЎ nhб»‡n Selupan
1860	TДѓng %d%% sб»©c tбєҐn cГґng
1861	HбєҐp thб»Ґ %d%% sГЎt thЖ°ЖЎng
1862	PhбєЈi hoГ n thГ nh nhiб»‡m vб»Ґ mб»›i cГі thб»ѓ sб»­ dб»Ґng
1863	+ TбєҐn cГґng
1864	+ PhГІng thб»§
1865	BбєЎn cГі muб»‘n phб»Ґc hб»“i SГіi Tinh?
1866	+ HoГ ng Kim
1867	TДѓng %d HP
1868	TДѓng %d Mana
1869	TДѓng %d sГЎt thЖ°ЖЎng
1870	TДѓng %d phГ©p thuбє­t
1871	BбєЎch Long Дђiб»‡n
1872	NГі Д‘Ж°б»Јc thiбєїt kбєї rбєҐt Д‘бє·c biб»‡t
1873	Hera (Дђб»™c nhбєҐt)
1874	Lane (Duy nhбєҐt)
1875	MГЎy chб»§ mб»›i
1876	Nu than bao ho cua nhung nguoi co dai thoi ki truoc da tao ra Quy vay kiem. Hera - Nu Hoang cua cac vi than la nguoi quan ly dat dai va mua mang
1877	Vi than co xua duoc biet den voi cai ten than thuoc la Lanekuribo duoc tho phung de chong lai the luc cua KunDun nay da tro thanh truyen thuyet
1878	Locke la nguoi da viet len nhung loi ca tung cac vi anh hung ngay xua cho the he sau nay hoc hoi
1879	May chu kinh nghiem Season IV
1880	Co may chu de tang kinh nghiem Season IV
1881	Local Server
1882	La server noi bo
1883	Dang mac trang bi tren nguoi nhan vat khong the reset
1884	TrбєЎng thГЎi ban Д‘бє§u
1885	NgЖ°б»ќi giГєp Д‘б»Ў ban Д‘бє§u
1886	Nбєїu click vГ o sбєЅ khб»џi tбєЎo lбєЎi trбєЎng thГЎi ban Д‘бє§u
1887	Khi Д‘Дѓng kГЅ cho NPC sбєЅ Д‘Ж°б»Јc tбє·ng cГЎc phбє§n quГ  Д‘a dбєЎng
1888	Trao Д‘б»•i Д‘ГЈ Д‘Ж°б»Јc hoГ n thГ nh
1889	Hiб»‡n tбєЎi Д‘ГЈ Д‘Дѓng kГЅ
1890	Delgado
1891	ДђДѓng kГЅ Д‘б»“ng xu may mбєЇn
1892	HoГЎn Д‘б»•i Д‘б»“ng xu may mбєЇn
1893	X%d CГЎi
1894	ДђДѓng kГЅ
1895	ChГє ГЅ
1896	HoГЎn Д‘б»•i 10 cГЎi
1897	HoГЎn Д‘б»•i 20 cГЎi
1898	HoГЎn Д‘б»•i 30 cГЎi
1899	Thiбєїu vбє­t phбє©m cбє§n thiбєїt Д‘б»ѓ thay thбєї
1900	Mб»‡nh Lб»‡nh
1901	BГ¬nh nЖ°б»›c phГ©p
1902	Vui lГІng lб»±a chб»Ќn
1903	GiбєЈm
1904	Hiб»‡n tбєЎi khГґng thб»ѓ tДѓng hЖЎn %s
1905	DГ№ng cho ChГєa Tб»ѓ
1906	Sб»­ dб»Ґng bГ¬nh nЖ°б»›c phГ©p thбєҐt bбєЎi
1907	(+) %d%% | (-) %d%%
1908	Chб»‰ cГі thб»ѓ sб»­ dб»Ґng khi khГґng mang Д‘б»“
1909	KhГґng Д‘Ж°б»Јc mang vЕ© khГ­, giГЎp trб»Ґ cЕ©ng nhЖ° cГЎc trang sб»©c khГЎc khi dГ№ng nЖ°б»›c phГ©p
1910	Chб»‰ cГі thб»ѓ giбєЈm tб»« 1 ~ 9 Д‘iб»ѓm
1911	Khong the dat diem toi da qua nhieu lan su dung Binh nuoc phep
1912	Khong the giam duoi diem co ban
1915	KhГґng thб»ѓ bб»Џ mГіn Д‘б»“ nГ y
1916	SГіi Tinh
1917	MбєЈnh sб»«ng Д‘Ж°б»Јc tбєЎo tб»« sб»± kбєїt hб»Јp cб»§a MбєЈnh vб»Ў cб»§a ГЃo giГЎp vГ  sб»± bГ o hб»™ cб»§a Nб»Ї thбє§n
1918	Sб»«ng gГЈy Д‘Ж°б»Јc tбєЎo tб»« sб»± kбєїt hб»Јp cб»§a mбєЈnh sб»«ng vГ  Nanh SГіi
1919	Linh hб»“n SГіi Tinh Д‘Ж°б»Јc tбєЎo tб»« sб»± kбєїt hб»Јp cб»§a Sб»«ng gГЈy vГ  mб»™t sб»‘ mГіn Д‘б»“ khГЎc.
1920	Sб»­ dб»Ґng Д‘б»ѓ triб»‡u hб»“i SГіi Tinh
1921	MбєЈnh sб»«ng
1922	Sб»«ng gбє«y
1923	Linh hб»“n SГіi Tinh
1924	TДѓng sб»©c tбєҐn cГґng
1925	HбєҐp thб»Ґ sб»©c tбєҐn cГґng
1926	Nбєїu tбєҐn cГґng thГ nh cГґng thГ¬ trong sб»‘ dб»Ґng cб»Ґ chб»‘ng Д‘б»Ў ghi rГµ Д‘б»‘i tЖ°б»Јng
1927	GiбєЈm 50%% sб»©c bб»Ѓn
1928	Tuyб»‡t ChiГЄu BГЎo Дђiб»‡n (Mana: %d)
1929	CГі thб»ѓ nГўng cбєҐp Д‘б»ѓ tДѓng sб»©c tбєҐn cГґng hoбє·c phГІng thб»§
1930	Thб»ѓ lб»±c yГЄu cбє§u: %d
1931	CбєҐp Д‘б»™ cбє§n thiбєїt
1932	ДђДѓng kГЅ Д‘б»ѓ tГ­ch lЕ©y Д‘б»“ng xu may mбєЇn hoбє·c
1933	sб»­ dб»Ґng Д‘б»“ng xu may mбєЇn Д‘ГЈ sб»џ hб»Їu vГ 
1934	CГі thб»ѓ hoГЎn Д‘б»•i bбє±ng vбє­t phбє©m
1935	Trong thб»ќi gian diб»…n ra sб»± kiб»‡n Д‘б»“ng xu may mбєЇn
1936	sбєЅ cГі nhб»Їng phбє§n quГ  dГ nh tбє·ng bбєЎn nГ o cГі nhiб»Ѓu Дђб»“ng xu nhбєҐt
1937	ThГґng tin chi tiбєїt vui lГІng tham khбєЈo tбєЎi trang chб»§
1938	Дђб»“ng xu may mбєЇn Д‘Ж°б»Јc dГ№ng Д‘б»ѓ hoГЎn Д‘б»•i
1939	Д‘Ж°б»Јc khбєҐu trб»« bбє±ng con sб»‘ tЖ°ЖЎng б»©ng
1940	HoГЎn Д‘б»•i
1948	Nб»Ї TЖ° Tбєї: %d/12
1949	Balgass
1950	Дђб»ѓ bбєЈo vб»‡ TЖ°б»Јng thбє§n SГіi
1951	SбєЅ Д‘бєЈm nhбє­n vai trГІ cб»§a Thбє§y tu?
1952	Cбє§n cГі ThГЎnh nб»Ї Д‘б»ѓ kбєїt giao bб»‡ thб»ќ Thбє§n SГіi
1953	BбєЎn cГі muб»‘n lГ m NgЖ°б»ќi bбєЈo hб»™?
1954	Nбєїu di chuyб»ѓn sбєЅ tб»± Д‘б»™ng hб»§y bб»Џ kбєїt giao bб»‡ thб»ќ.
1955	KhГґng Д‘Гєng Д‘iб»Ѓu kiб»‡n cб»§a ngЖ°б»ќi kбєїt giao bб»‡ thб»ќ.
1956	KhГґng thб»ѓ di chuyб»ѓn hoбє·c tбєҐn cГґng
1957	<Nhiem vu 1: Bao ve Than Soi>
1958	CГЎc ThГЎnh Nб»Ї hГЈy kбєїt giao vб»›i bб»‡ thб»ќ, Д‘б»ѓ xбєЈ thГўn bГ o vб»‡ TЖ°б»Јng Thбє§n SГіi!
1959	Cб»‘ gбєЇng chб»‘ng trбєЈ sб»± tбєҐn cГґng cб»§a Binh Д‘oГ n Balgass
1960	HГЈy cб»‘ bбєЈo vб»‡ cГЎc ThГЎnh Nб»Ї Д‘ang kбєїt giao vб»›i bб»‡ thб»ќ Thбє§n SГіi
1961	< Nhiб»‡m vб»Ґ 2: TiГЄu diб»‡t Binh Д‘oГ n Balgass >
1962	Nбєїu tiГЄu diб»‡t Д‘Ж°б»Јc Balgass thГ¬ cГі thб»ѓ bбєЈo Д‘бєЈm an toГ n cho PhГЎo ДђГ i SГ“i!
1963	TЖ°б»Јng Balgass chб»‰ xuбєҐt hiб»‡n 5 phГєt cuб»‘i cб»§a trбє­n Д‘ГЎnh
1964	HГЈy tiГЄu diб»‡t Balgass trong thб»ќi gian Д‘Гі!
1965	< PhГІng thб»§ thГ nh cГґng >
1966	GiбєЈm 10% mГЎu cб»§a qoГЎi vбє­t trong thб»ќi gian diб»…n ra event
1967	TДѓng 50% khбєЈ nДѓng Д‘iб»Ѓu chбєї tбєҐt cбєЈ cГЎc vГ© vГ o QuбєЈng TrЖ°б»ќng Quб»· vГ  LГўu ДђГ i MГЎu
1968	Tбє·ng 50% khбєЈ nДѓng Д‘iб»Ѓu chбєї tбєҐt cбєЈ cГЎc vГ© vГ o QuбєЈng TrЖ°б»ќng Quб»· vГ  LГўu ДђГ i MГЎu
1969	<Nhiem vu that bai>
1970	XГіa tбєҐt cбєЈ NPC trong PhГЎo ДђГ i SГіi
1972	GiбєЈm 50% tб»‰ lб»‡ rб»›t HГІn ДђГЎ Hб»™ Mб»‡nh б»џ Land of Trials
1973	Class
1974	TГґi Д‘ang cбєЈm nhбє­n Д‘iб»Ѓu gГ¬ Д‘Гі khГґng bГ¬nh thЖ°б»ќng б»џ PhГЎo ДђГ i SГіi.
1975	Sб»©c mбєЎnh cб»§a TЖ°б»Јng SГіi Д‘ang dбє§n yбєїu Д‘i, sб»©c mбєЎnh bГіng tб»‘i Д‘ang bГ o trГ№m PhГЎo ДђГ i SГіi
1976	PhГЎo ДђГ i SГіi cбє§n sб»± giГєp Д‘б»Ў cб»§a bбєЎn. Chб»‰ cГі sб»©c mбєЎnh tбє­p thб»ѓ cб»§a cГЎc bбєЎn mб»›i bбєЈo vб»‡ Д‘Ж°б»Јc mбєЈnh Д‘бєҐt nГ y.
1977	ThГ nh tГ­ch
1980	%s (Thб»ќi gian tГ­ch lЕ©y: %d giГўy)
1981	PhГІng бєҐn
1982	NЖЎi Д‘Гіng quГўn CГґng ThГ nh lГ  trong lГєc phГІng бєҐn
2000	MГЎu quГЎi vбє­t bб»‹ giбєЈm 10%%
2001	KhбєЈ nДѓng Д‘iб»Ѓu chбєї tбєҐt cбєЈ cГЎc vГ© vГ o QuбєЈng TrЖ°б»ќng Quб»· vГ  LГўu ДђГ i MГЎu Д‘Ж°б»Јc Д‘iб»Ѓu chб»‰nh tДѓng 5%
2002	Trong khi tiбєїn hГ nh kбєїt giao thГ¬ khГґng thб»ѓ thб»±c hiб»‡n kбєїt giao khГЎc nб»Їa.
2003	PhГЎ hб»§y bб»‡ thб»ќ, khГґng thб»ѓ kбєїt giao nб»Їa
2004	Thiбєїu khбєЈ nДѓng kбєїt giao
2005	Chб»‰ cбєҐp Д‘б»™ trГЄn 350 mб»›i cГі thб»ѓ kбєїt giao
2006	Sб»‘ lбє§n cГі thб»ѓ kбєїt giao lГ : %d lбє§n
2007	SбєЅ kбєїt giao chб»©?
2008	HГЈy thб»­ lбєЎi sau mб»™t lГєc nб»Їa
2009	Cac NPC o Phao dai Soi da bo di het
2011	QuДѓng ra Д‘бєҐt Д‘б»ѓ tГ¬m quГ  tбє·ng
2012	Hб»™p kбє№o mГ u tГ­a
2013	Hб»™p kбє№o mГ u cam
2014	Hб»™p kбє№o mГ u xanh
2020	BбєЎn cГі muб»‘n nhбє­n mГіn Д‘б»“ khГґng?
2021	Vui lГІng kiб»ѓm tra lбєЎi Д‘iб»Ѓu kiб»‡n
2022	ДђГЈ nhбє­n Д‘Ж°б»Јc item
2023	KhГґng nhбє­n Д‘Ж°б»Јc item. HГЈy thб»­ lбєЎi.
2024	ДђГўy khГґng phбєЈi lГ  1 Event
2025	ДђГўy lГ  sб»± bбєЈo hб»™ thiГЄng liГЄng cб»§a Arkneria...
2026	TГЄn sбєЅ khГґng giбєЈm trong suб»‘t quГЎ trГ¬nh kГ­ch hoбєЎt
2035	BбєЎn Д‘ГЈ chЖЎi Д‘Ж°б»Јc %d giб»ќ.
2036	BбєЎn Д‘ГЈ chЖЎi Д‘Ж°б»Јc %d giб»ќ. HГЈy chГє ГЅ giб»Ї gГ¬n sб»©c khб»Џe .
2037	SD : %d / %d
2038	BГ¬nh SD
2039	MЕ©i tГЄn vГґ tбє­n Д‘ГЈ Д‘Ж°б»Јc kГ­ch hoбєЎt
2040	TГЄn sбєЅ khГґng giбєЈm trong suб»‘t quГЎ trГ¬nh kГ­ch hoбєЎt
2041	Cheer
2042	Dance
2043	SГЎt nhГўn khГґng thб»ѓ vГ o: %s.
2044	KhбєЈ nДѓng tбєҐn cГґng: %d
2045	KhбєЈ nДѓng phГІng thб»§: %d
2046	BбєЎn cГі muб»‘n ngЖ°ng lбєЎi khГґng?
2047	Sб»­ dб»Ґng trong CГґng ThГ nh Chiбєїn
2048	CГі thб»ѓ chб»‰ sб»­ dб»Ґng trong CГґng ThГ nh vб»›i chб»‰ sб»‘ chiбєїn cГґng tГ­ch lЕ©y
2049	CГі thб»ѓ sб»­ dб»Ґng vб»›i cГЎc vбє­t cЖ°б»Ўi
2050	CГі thб»ѓ sб»­ dб»Ґng sau: %d phГєt
2051	Sб»± kiб»‡n Cбє§u Lб»­a Д‘ang diб»…n ra. HГЈy tham gia vГ  Д‘oбєЎt giбєЈi!
2052	BбєЎn Д‘ГЈ nghe vб»Ѓ sб»± kiб»‡n Д‘ГЎ bГіng rб»“i phбєЈi khГґng? SбєЅ cГі 30000 Ngб»Ќc Ж°б»›c nguyб»‡n Д‘ang chб»ќ Д‘Гіn bбєЎn
2053	HГЈy tham gia sб»± kiб»‡n Д‘ГЎ bГіng vГ  mang vб»Ѓ cho Hб»™i nhб»Їng phбє§n thЖ°б»џng giГЎ trб»‹
2054	SГЎt thЖ°ЖЎng phГ©p thuбє­t thбєҐp nhбєҐt tДѓng 20%%
2055	KhГґng cГі hiб»‡u lб»±c trГЄn nhГўn vбє­t khГЎc
2056	Дђang hб»“i phб»Ґc
2060	ДђГЎ TбєЎo HГіa
2061	Tinh Luyб»‡n
2062	Phб»Ґc hб»“i
2063	Tinh chбєї
2064	ДђГЎ nguyГЄn thб»§y
2065	%s
2066	Viб»‡c tinh luyб»‡n...
2067	Sб»­ dб»Ґng ДђГЎ NguyГЄn Thб»§y
2068	Tinh luyб»‡n thГ nh Д‘ГЎ tбєЎo hГіa
2069	(%s), tinh luyб»‡n ДђГЎ NguyГЄn Thб»§y thГ nh vбє­t liб»‡u cбєҐp cao.
2070	Vбє­t liб»‡u nГ y (%s) sбєЅ giГєp item cГі thГЄm tГ­nh nДѓng Д‘бє·c biб»‡t
2071	ДђГЎ nguyГЄn thб»§y cГі thб»ѓ tбєЎo thГ nh ДђГЎ tбєЎo hГіa
2072	%s trong tГ¬nh trбєЎng nguyГЄn thб»§y sбєЅ vГґ dб»Ґng
2073	%s cГі thб»ѓ tбєЎo nГЄn nhб»Їng tГ­nh nДѓng mб»›i cho vЕ© khГ­ vГ  giГЎp trб»Ґ
2074	BбєЎn muб»‘n biбєїt gГ¬ nГ o?
2075	BбєЎn cГі thб»ѓ lГ m %s Item
2076	BбєЎn Д‘ГЈ bб»Џ vГ o nhiб»Ѓu Д‘ГЎ quГЎ
2077	HГЈy bб»Џ item vГ o %s
2078	Item cГі thб»ѓ lГ m %s
2079	(Item cГі khбєЈ nДѓng %s)
2080	%s thГ nh cГґng %s : %d%%
2081	ДђГЎ NguyГЄn Thб»§y
2082	VЕ© khГ­ hoбє·c Д‘б»“ phГІng ngб»±
2083	Item Д‘ГЈ Д‘Ж°б»Јc tДѓng cЖ°б»ќng
2084	chб»‰ %s cб»§a %s
2085	Chб»‰ cГі HГІn Д‘ГЎ cб»§a tбєЎo hГіa mб»›i cГі thб»ѓ gia cЖ°б»ќng
2086	DГўy chuyб»Ѓn, nhбє«n, cГЎnh
2087	Thiбєїu %d Zen
2088	KhГґi phб»Ґc items Д‘ГЈ gia cЖ°б»ќng
2089	KhГґng Д‘Гєng loбєЎi items
2090	KhГґng phбєЈi %s
2091	%s
2092	KhГґng cГі items
2093	Tб»· lб»‡
2094	Cбє§n cГі: %d Zen
2095	QuГЎ trГ¬nh tinh luyб»‡n sбєЅ tДѓng thГЄm sб»©c mбєЎnh
2096	cho ДђГЎ NguyГЄn Thб»§y
2097	KhГґng thб»ѓ tinh luyб»‡n
2098	Cho phГ©p
2099	KhГґng cho phГ©p
2100	TГ­nh nДѓng gia cЖ°б»ќng sбєЅ
2101	MбєҐt Д‘i sau khi hб»“i phб»Ґc
2102	QuГЎ trГ¬nh khГґi phб»Ґc sбєЅ xГіa Д‘i
2103	cГЎc tГ­nh nДѓng Д‘ГЈ gia cЖ°б»ќng
2104	cб»§a vЕ© khГ­
2105	%s Д‘ГЈ thбєҐt bбєЎi...
2106	%s thГ nh cГґng.
2107	HГЈy lбєҐy sбєЈn phбє©m ra
2108	MГіn Д‘б»“ Д‘ГЈ Д‘Ж°б»Јc gia cЖ°б»ќng khГґng thб»ѓ giao dб»‹ch
2109	Tб»‰ lб»‡ tбєҐn cГґng: %d (+%d)
2110	Tб»‰ lб»‡ phГІng thб»§: %d (+%d)
2111	+TГ­nh nДѓng
2112	%s thбєҐt bбєЎi
2113	%s thГ nh cГґng
2114	ДђГЈ Д‘Ж°б»Јc gia cЖ°б»ќng
2115	KhбєЈ nДѓng Combo (BЖ°б»›c 2)
2147	BЖ°б»›c vГ o
2148	Cбє­p nhбє­t
2149	BГўy giб»ќ bбєЎn cГі thб»ѓ Д‘i ThГЎp tinh luyб»‡n
2150	Lб»‘i Д‘i Д‘бєїn ThГЎp tinh luyб»‡n Д‘ГЈ mб»џ
2151	Lб»‘i Д‘i Д‘бєїn ThГЎp tinh luyб»‡n sбєЅ Д‘Гіng vГ o %d giб»ќ nб»Їa
2152	Cuб»™c chiбєїn vб»›i Maya Д‘ang diб»…n ra
2153	%d NgЖ°б»ќi Д‘ang chiбєїn Д‘бєҐu bГЄn trong. BбєЎn khГґng thб»ѓ vГ o ThГЎp tinh luyб»‡n, hб»‡ thб»‘ng phГІng thб»§ Д‘ГЈ Д‘Ж°б»Јc kГ­ch hoбєЎt.
2154	Hiб»‡n tбєЎi cГі %d ngЖ°б»ќi Д‘ang trong trбє­n chiбєїn vб»›i tay trГЎi cб»§a Maya
2155	Hiб»‡n tбєЎi cГі %d ngЖ°б»ќi Д‘ang trong trбє­n chiбєїn vб»›i tay phбєЈi cб»§a Maya
2156	Hiб»‡n tбєЎi cГі %d ngЖ°б»ќi Д‘ang trong trбє­n chiбєїn vб»›i hai tay cб»§a Maya.
2157	Hiб»‡n tбєЎi cГі %d ngЖ°б»ќi Д‘ang trong trбє­n chiбєїn vб»›i Nightmare
2158	ThГґng tin ThГЎp Tinh Luyб»‡n
2159	Lб»±c lЖ°б»Јng cб»§a NightMare Д‘ГЈ xГўm chiбєїm tГІa thГЎp. Lб»‘i vГ o tГІa thГЎp gбє·p trб»џ ngбєЎi, nГЄn lб»‘i vГ o bб»‹ cбєҐm trong: %d phГєt.
2160	ДђГЎnh bбєЎi NightMare, kбє» Д‘ang Д‘iб»Ѓu khiб»ѓn Maya Д‘б»ѓ vГ o ThГЎp tinh luyб»‡n.
2161	Lб»‘i vГ o Д‘ГЈ bб»‹ chбє·n vГ¬ sб»± an toГ n cб»§a Maya, cбє§n cГі Nhбє«n Dб»‹ch Chuyб»ѓn.
2162	CГІn mб»™t Д‘oГ n ngбєЇn nб»Їa lГ  cГі thб»ѓ gбє·p Maya.
2163	Cбє§n nhiб»Ѓu ngЖ°б»ќi Д‘б»ѓ cГі thб»ѓ mб»џ Д‘Ж°б»Јc ThГЎp tinh luyб»‡n.
2164	BГўy giб»ќ bбєЎn cГі thб»ѓ vГ o
2165	NightMare Д‘ГЈ mбєҐt quyб»Ѓn kiб»ѓm soГЎt tay trГЎi cб»§a Maya, sб»‘ ngЖ°б»ќi cГІn sб»‘ng sГіt hiб»‡n tбєЎi lГ : %d.
2166	NightMare Д‘ГЈ mбєҐt quyб»Ѓn kiб»ѓm soГЎt tay phбєЈi cб»§a Maya, sб»‘ ngЖ°б»ќi cГІn sб»‘ng sГіt hiб»‡n tбєЎi lГ : %d.
2167	Cбє§n nhiб»Ѓu sб»©c mбєЎnh tб»« phГ­a: %d ngЖ°б»ќi chЖЎi.
2168	NightMare Д‘ГЈ mбєҐt quyб»Ѓn kiб»ѓm soГЎt tay trГЎi cб»§a Maya
2169	NightMare Д‘ГЈ mбєҐt quyб»Ѓn kiб»ѓm soГЎt tay phбєЈi cб»§a Maya
2170	ДђГЈ thбєҐt bбєЎi trong viб»‡c xГўm nhбє­p
2171	ДђГЈ cГі Д‘б»§ 15 ngЖ°б»ќi vГ o rб»“i. BбєЎn khГґng thб»ѓ vГ o Д‘Ж°б»Јc nб»Їa
2172	YГЄu cбє§u cбє§n cГі Nhбє«n Dб»‹ch Chuyб»ѓn
2173	Thб»ќi gian Д‘б»ѓ xГўm nhбє­p Д‘ГЈ hбєїt
2174	KhГґng thб»ѓ di chuyб»ѓn tб»©c thб»ќi Д‘бєїn ThГЎp tinh luyб»‡n.
2175	KhГґng thб»ѓ di chuyб»ѓn bбє±ng cГЎch mang nhбє«n biбєїn hГ¬nh.
2176	Chб»‰ cГі thб»ѓ vГ o khi mang cГЎnh, ГЎo choГ ng, cЖ°б»Ўi QuГЎi Д‘iб»ѓu, Chiбєїn mГЈ hoбє·c SГіi tinh.
2177	LГЈnh Д‘б»‹a Kanturu
2178	CбєҐm Д‘б»‹a Kanturu
2179	ThГЎp tinh luyб»‡n
2180	Sб»‘ ngЖ°б»ќi hiб»‡n tбєЎi: %d
2181	Cuб»™c chiбєїn vб»›i NightMare
2182	Cuб»™c chiбєїn vб»›i Maya
2183	LГ­nh gГЎc: %d
2184	Tб»· lб»‡ tбєҐn cГґng tДѓng +%d
2185	Sб»©c sГЎt thЖ°ЖЎng tДѓng +%d
2186	KhбєЈ nДѓng trГЎnh Д‘ГІn tДѓng +%d
2187	Lб»±c phГІng thб»§ +%d
2188	TДѓng lЖ°б»Јng HP +%d
2189	TДѓng lЖ°б»Јng SD +%d
2190	Tб»± hб»“i phб»Ґc SD
2191	TДѓng lЖ°б»Јng hб»“i phб»Ґc SD +%d%%
2192	TГ­nh nДѓng Д‘бє·c trЖ°ng
2193	TГ­nh nДѓng item 380
2194	TГ­nh nДѓng Д‘бє·c biб»‡t
2195	%s
2196	CбєҐp Д‘б»™ items phбєЈi trГЄn +4
2197	TГ­nh nДѓng cб»§a items phбєЈi trГЄn +4
2198	ДђГЎ NguyГЄn Thб»§y lГ  hГІn Д‘ГЎ cб»§a tбєЎo hГіa cГі sб»©c mбєЎnh бє©n chб»©a, viб»‡c khГґi phб»Ґc sб»©c mбєЎnh nГ y gб»Ќi lГ  sб»± tinh luyб»‡n.
2199	Sб»­ dб»Ґng HГІn Д‘ГЎ cб»§a tбєЎo hГіa tinh luyб»‡n sбєЅ cГі thб»ѓ Д‘бєЈm bбєЈo cho sб»©c mбєЎnh mб»›i cб»§a items.
2200	TГґi tГЄn lГ  Uylix, lГ  sбєЈn phбє©m cб»§a Elpis. BбєЎn muб»‘n biбєїt gГ¬ nГ o?
2201	Vб»Ѓ viб»‡c tinh luyб»‡n
2202	PhЖ°ЖЎng phГЎp sб»­ dб»Ґng ДђГЎ NguyГЄn Thб»§y
2203	Tinh luyб»‡n Д‘ГЎ nguyГЄn thб»§y
2204	TГ­nh nДѓng gia cЖ°ЖЎng khГґng phГ№ hб»Јp
2205	Gб»­i hГ¬nh chб»Ґp kГЁm bГЎo cГЎo
2206	Elpis
2207	CГі thб»ѓ Д‘i vГ o ThГЎp Tinh Luyб»‡n. Lб»‘i vГ o cб»§a nhЖ°ng nhГ  nghiГЄn cб»©u Д‘ГЎ quГЅ Kanturu.
2208	CГі tбєЎp chбєҐt nГЄn Д‘ГЈ khГґng thб»ѓ phГЎt huy hбєїt sб»©c mбєЎnh.
2209	TДѓng cЖ°б»ќng Item thГ¬ Д‘ГЈ cГі thб»ѓ sб»­ dб»Ґng Д‘Ж°б»Јc.
2210	Cho thбєҐy sб»©c mбєЎnh thбє­t sб»± trong Item Д‘Ж°б»Јc tДѓng cЖ°б»ќng.
2211	Items Д‘ГЈ gia cЖ°б»ќng khГґng thб»ѓ bГЎn.
2212	Items Д‘ГЈ gia cЖ°б»ќng khГґng thб»ѓ giao dб»‹ch.
2213	Items Д‘ГЈ gia cЖ°б»ќng khГґng thб»ѓ Д‘бє·t vГ o cб»­a hГ ng.
2214	CбєҐp Д‘б»™ cб»§a items quГЎ thбєҐp, khГґng thб»ѓ gia cЖ°б»ќng.
2215	ДђГЈ Д‘Ж°б»Јc gia cЖ°б»ќng tб»‘i cao, khГґng thб»ѓ gia cЖ°б»ќng nб»Їa.
2216	CбєҐp Д‘б»™ cб»§a items thбєҐp hЖЎn yГЄu cбє§u cб»§a tГ­nh nДѓng gia cЖ°б»ќng.
2217	Items Д‘ГЈ gia cЖ°б»ќng khГґng thб»ѓ rЖЎi ra.
2218	Chб»‰ cГі thб»ѓ gia cЖ°б»ќng mб»™t tГ¬nh nДѓng trong mб»™t lбє§n
2219	CГЎc mГіn Д‘б»“ thбє§n khГґng thб»ѓ gia cЖ°б»ќng.
2220	Tinh chбєї tбєЎo ra
2221	ДђГЎ tinh luyб»‡n.
2222	Nбєїu thбєҐt bбєЎi, items sбєЅ mбєҐt.
2223	ChГє ГЅ!
2224	QuГЎ trГ¬nh tinh luyб»‡n bбєЇt Д‘бє§u. ДђГўy lГ  quГЎ trГ¬nh tinh chбєї Д‘бє© sб»­ dб»Ґng trong gia cЖ°б»ќng, cГЎc items tinh chбєї sбєЅ biбєїn mбєҐt, HГЈy kiб»ѓm tra kб»№ lбєЎi.
2225	Thб»ѓ lб»±c +%d
2226	Item nГ y khГґng thб»ѓ sб»­ dб»Ґng, mua bГЎn
2227	LГ  trбєЎng thГЎi thiбєїu nб»Ј tiб»Ѓn.
2228	Cai tran.
2229	Tб»‘c Д‘б»™ tбєҐn cГґng nhГўn lГЄn +%d
2230	Lб»±c tбєҐn cГґng nhГўn lГЄn +%d
2231	Lб»±c phГІng thб»§ nhГўn lГЄn +%d
2232	Tham gia lб»… hб»™i Halloween
2233	Lб»ќi chГєc phГєc cб»§a Jack o Lantern
2234	Sб»± phбє«n nб»™ cб»§a Jack o Lantern.
2235	Tiбєїng gбє§m cб»§a Jack o Lantern.
2236	Thб»©c Дѓn cб»§a Jack o Lantern.
2237	Thб»©c uб»‘ng cб»§a Jack o Lantern.
2238	%d phГєt %d giГўy
2239	Bб»Ќn ngЖ°ЖЎi muб»‘n biбєїt vб»Ѓ Д‘iб»Ѓu gГ¬?.
2240	TrЖ°б»›c khi bб»‘ mбє№ qua Д‘б»ќi Д‘ГЈ truyб»Ѓn lбєЎi cho anh em chГєng tГґi phЖ°ЖЎng phГЎp chбєї tбєЎo thuб»‘c.
2241	Lб»ќi cбє§u chГєc cб»§a Nб»Ї vЖ°ЖЎng Eliol sбєЅ theo cГ№ng vб»›i bбєЎn.
2242	Дђб»ѓ thГЎch Д‘бєҐu vб»›i Kuntun thГ¬ di chuyб»ѓn cбє©n thбє­n lГ  Д‘iб»Ѓu cбє§n thiбєїt. Trong ГЅ nghД©a nhЖ° thбєї thГ¬ phЖ°ЖЎng thб»©c tб»“n tбєЎi lГ  quan trб»Ќng nhбєҐt.
2243	Christmas
2244	Tham gia Sб»± Kiб»‡n Sky Event
2245	Г”ng giГ  Noel
2246	Rudol
2247	NgЖ°б»ќi Tuyбєїt
2248	ChГєc giГЎng sinh vui vбє»
2249	Hiб»‡u quбєЈ cao hЖЎn khi Д‘Ж°б»Јc kГ­ch hoбєЎt
2250	TДѓng tб»‰ lб»‡ kбєїt hб»Јp tбєЎo ra Item, khГґng sб»­ dб»Ґng hЖЎn mб»©c tб»‘i Д‘a
2251	KhГґng thб»ѓ tДѓng thГЄm nб»Їa
2252	Sб»± kiб»‡n
2253	TДѓng %d%% Д‘iб»ѓm kinh nghiб»‡m
2254	TДѓng %d%% tб»‰ lб»‡ Д‘ГЎnh rб»›t item
2255	KhГґng thб»ѓ nhбє­n thГЄm Д‘iб»ѓm kinh nghiб»‡m
2256	x1.5 Д‘iб»ѓm kinh nghiб»‡m
2257	x2 Д‘iб»ѓm kinh nghiб»‡m vГ  x1,5 tб»· lб»‡ rб»›t item
2258	Giб»Ї Д‘iб»ѓm thЖ°б»џng khГґng cho tДѓng thГЄm nб»Їa
2259	Sб»­ dб»Ґng Д‘б»ѓ vГ o %s
2260	%d lбє§n sб»­ dб»Ґng
2261	TГ¬m NPC Chaos Card Master Д‘б»ѓ Д‘б»•i lбєҐy vбє­t phбє©m
2262	Kбєїt hб»Јp
2263	Mб»™t thбє» bГ i Chaos sбєЅ tбєЎo ra 1 Item
2264	TГєi Д‘б»“ khГґng Д‘б»§ chб»— cho quГЎ trГ¬nh kбєїt hб»Јp
2265	Kбєїt hб»Јp thбє» bГ i Chaos
2266	XГЎc xuбєҐt: 100%%
2267	Kбєїt hб»Јp khГґng thГ nh cГґng
2268	Nhбє­n Д‘Ж°б»Јc %s
2269	ChГєc mб»«ng! CГі thб»ѓ Д‘бєїn gбє·p ngЖ°б»ќi trao Д‘б»•i thбє» bГ i
2270	Cбє§n Д‘бєЎt cбєҐp Д‘б»™ yГЄu cбє§u Д‘б»ѓ vГ o
2271	ThГґng tin chung
2272	Vбє­t dб»Ґng dЖ°б»Јc liб»‡u
2273	Vбє­t dб»Ґng hб»— trб»Ј thГЄm
2274	Vбє­t dб»Ґng Д‘бє·c biб»‡t
2275	Click chuб»™t phбєЈi vГ o danh sГЎch mua Д‘б»“ Д‘б»ѓ chб»Ќn hoбє·c bб»Џ chб»Ќn
2276	Дђбєїn phбє§n nбєЎp Gold
2277	Cash Shop (X)
2278	KГ­ch thЖ°б»›c ngang %d, dб»Ќc %d
2279	Vбє­t phбє©m mua bбє±ng Gold
2280	BбєЎn cГі chбєЇc mua mГіn nГ y?
2281	BбєЎn muб»‘n hб»§y giao dб»‹ch?
2282	Giao dб»‹ch thГ nh cГґng
2283	BбєЎn khГґng Д‘б»§ Gold
2284	KhГґng mua Д‘Ж°б»Јc! Kiб»ѓm tra lбєЎi thГ№ng Д‘б»“!
2285	KhГґng thб»ѓ sб»­ dб»Ґng
2286	BбєЎn muб»‘n Д‘бє·t mГіn nГ y vГ o giб»Џ hГ ng?
2287	BбєЎn cГі muб»‘n bб»Џ mГіn nГ y trong Д‘ЖЎn Д‘бє·t hГ ng?
2288	HГЈy mб»џ chбєї Д‘б»™ Cб»­a sб»• bбєЎn mб»›i cГі thб»ѓ vГ o Д‘Ж°б»Јc website
2289	Gold
2290	TrбєЈ bбє±ng Gold
2291	GiГЎ : 
2292	Дђбє·t hГ ng lбєЎi
2293	Giao dб»‹ch
2294	QuГ  tбє·ng
2295	http://MuBox.Net
2296	TДѓng %d%% tб»‰ lб»‡ kбєїt hб»Јp thГ nh cГґng
2297	Sб»­ dб»Ґng bбє±ng dб»‹ch chuyб»ѓn (M)
2298	NgГ y
2299	Giб»ќ
2300	PhГєt
2301	GiГўy
2302	CГі hiб»‡u lб»±c
2303	CГі sбєµn
2304	KhГґng thбєҐy sб»­ dб»Ґng Cash Shop. Vui lГІng liГЄn lбєЎc vб»›i Д‘б»™i hб»— trб»Ј
2305	CГЎc mГЈ bб»‹ lб»—i: 
2306	ThГ№ng Д‘б»“ khГґng Д‘б»§ chб»—
2307	Item mua б»џ Cash Shop khГґng Д‘бє·t lГЄn cб»­a hГ ng cГЎ nhГўn Д‘Ж°б»Јc
2308	ГЌt hЖЎn 1 phГєt
2309	Дђбє·t cГЎc item vГ o cб»­a sб»• kбєїt hб»Јp
2310	NgбєЇt kбєїt nб»‘i
2311	Item cГі thб»ѓ bб»‹ phГЎ hб»§y bбє±ng lб»­a
2312	Vui lГІng liГЄn hб»‡ vб»›i Д‘б»™i Hб»— trб»Ј khГЎch hГ ng khi gбє·p sб»± cб»‘ vб»›i Item Cash Shop
2319	PC Bang (%d/%d)
2320	Nhбє­n Д‘Ж°б»Јc %d Д‘iб»ѓm
2321	KhГґng thб»ѓ nhбє­n thГЄm Д‘iб»ѓm
2322	Thiбєїu Д‘iб»ѓm
2323	QuГ  tбє·ng cб»§a GM
2324	Khu vб»±c cб»§a GM
2325	TГ­ch lЕ©y Д‘iб»ѓm PC Bang
2326	Дђiб»ѓm
2327	Item cash shop cГі thб»ѓ Д‘Ж°б»Јc mua tбєЎi PC Bang
2328	MГіn Д‘б»“ cГі hiб»‡u lб»±c ngay khi giao dб»‹ch
2329	KhГґng thб»ѓ bГЎn vбє­t phбє©m nГ y
2330	Chб»‰ cГі thб»ѓ dГ№ng trong khu vб»±c an toГ n
2331	YГЄu cбє§u: %d Дђiб»ѓm
2332	Hбєїt thб»ќi gian tГЎc dб»Ґng
2333	Vui lГІng kiб»ѓm tra Д‘iб»Ѓu kiб»‡n Д‘б»ѓ Д‘Ж°б»Јc giao dб»‹ch
2334	Chбєї tбєЎo: %s
2335	Item cбєҐp Д‘б»™ 380
2336	Vбє­t phбє©m
2337	Vбє­t phбє©m vЕ© khГ­
2338	Vбє­t phбє©m phГІng thб»§
2339	CГЎnh cЖЎ bбєЈn
2340	VЕ© khГ­ Chaos
2341	 hoбє·c cao hЖЎn
2342	BГЄn dЖ°б»›i
2343	 TГ­nh nДѓng
2344	Gia tДѓng tб»· lб»‡
2345	 CГЎi
2346	Дђбє·t nguyГЄn liб»‡u vГ o
2347	%d cГі hiб»‡u lб»±c trГЄn %s
2348	CГЎnh cбєҐp 2
2358	BбєЎn cГі muб»‘n vГ o Дђб»Ѓn BбєЎch Long Дђiб»‡n?
2359	Chung ta dang o trung tam cua Bach Long Dien, phia truoc la Long Chau. Hay den do lay va mang Long Chau ve nhu mot loi chuc phuc cua than linh
2360	Bang hien chuong cua lien minh la mot loi the. Chien thang da gan ke, tat cac hay xong len!
2361	Mac du lien minh da that bai nhung chung ta khong lui buoc hay chien dau den giay phut cuoi cung
2362	Luc luong lien minh da tan cong vao den! Chung ta phai doc toan luc vao cuoc chien nay de mang Long Chau tro ve
2363	Co len! Chien thang dang o truoc mat! Tat ca hay tien len!
2364	Chung ta phai chien dau de gianh lay Long Chau
2365	%s can ve de vao cong nay
2366	Nбєїu muб»‘n vГ o bбєЎn cбє§n Д‘бєЎt cбєҐp Д‘б»™ 220
2367	CбєҐp Д‘б»™ nhГўn vбє­t vГ  cбєҐp vГ© phбєЈi tЖ°ЖЎng Д‘б»“ng
2368	QuГЎ Д‘Гґng rб»“i! KhГґng thб»ѓ vГ o thГЄm nб»Їa
2369	Дђб»Ѓn BбєЎch Long
2370	ChГ o mб»«ng trб»џ lбєЎi BбєЎch Long Дђiб»‡n lбє§n thб»© %d
2371	CбєҐp Д‘б»™ %d - %d
2372	Thб»ќi gian cГІn lбєЎi: %d gio %d phГєt
2373	Sб»‘ ngЖ°б»ќi hiб»‡n tбєЎi: %d
2374	/
2375	Sб»‘ lЖ°б»Јng tб»‘i Д‘a: %d
2376	Huyбєїt thЖ° +%d
2377	ДђбєЎt Д‘Ж°б»Јc thГ nh tГ­ch
2378	Cбє§n cГі thГ nh tГ­ch
2379	Tao la chan hap thu suc tan cong
2380	Giu chan muc tieu khong cho di chuyen
2381	Dich chuyen den vi tri nguoi dang giu Long Chau
2382	Nhan lop bao ve, hap thu 50%% suc tan cong
2383	Da vao cua tai %s
2384	VГ o Дђб»Ѓn BбєЎch Long %d
2385	Trбє­n chiбєїn sбєЇp bбєЇt Д‘бє§u
2386	Trбє­n chiбєїn sбєЅ bбєЇt Д‘бє§u sau: %d giГўy
2387	LiГЄn minh lб»Ґc Д‘б»‹a MU
2388	ChГ o mб»«ng Д‘бєїn Дђiб»‡n BбєЎch Long
2389	Bao ve Long Chau thanh cong: %d diem thuong
2390	Da lay duoc Long Chau tu %s
2391	Nhan duoc %d diem thanh tich
2392	Khong du diem thanh tich
2393	Kбєїt quбєЈ trбє­n chiбєїn
2394	Co the nhan tro cap cuoc chien tu nguoi dung dau Lien minh
2395	Hay tim gap NPC cua Bach Long Dien de nhan tro cap
2396	Huyet thu
2397	Co the tim Huyet thu cung voi loi tuyen the tai Bach Long Dien
2398	Co the ket hop Huyet thu voi mot cuon giay cu
2399	Su dung de vao Bach Long Dien. Day la bang chung cho su ton tai cua Bach Long Dien
2400	<Tran chien gianh Long Chau>
2401	Tuong Than se xuat hien ngau nhien o 2 noi
2402	Khi click vao Tuong Than ban se nhan duoc Long Chau
2403	Toc do se bi giam di khi mang Long Chau tren nguoi
2404	<Thu thap diem thanh tich>
2405	Ban se nhan duoc 10 diem thanh tich khi bat dau tran chien
2406	Hay tich tru that nhieu diem nay bang cach giet quau vat
2407	Diem nay rat can de su dung cac ky nang dac biet.
2408	<Ky nang dac biet>
2409	Dung nut cuon (Mouse 3) de lua chon nhanh cac ky nang dac biet
2410	Giu phim Shift+click phai chuot de su dung ky nang
2411	Tuy vao tac dung cua moi ky nang, hay su dung sao cho hieu qua nhat
2412	CГі thб»ѓ vГ o cб»•ng
2413	KhГґng Д‘Ж°б»Јc vГ o cб»•ng
2414	Ket qua
2415	Doanh trai
2416	Khi nhan nut Dong lai ban se nhan duoc tro cap
2417	Dang lay Long Chau
2418	Da nhan duoc Long Chau
2419	la nang nuong cua suc manh dang bao ve Dien Bach Long
2420	Giam toc do di chuyen khi giu Long Chau
2421	<AM>                  <PM>
2422	0:30  BбєЎch Long Дђiб»‡n           
2423	1:00  Hб»—n NguyГЄn LГўu(PC)   
2424	1:30  Huyбєїt LГўu     
2425	2:00  QuбєЈng TrЖ°б»ќng Quб»·     
2426	2:30  BбєЎch Long Дђiб»‡n            14:30   BбєЎch Long Дђiб»‡n
2427	3:00  -                        
2428	3:30  Huyбєїt LГўu     
2429	4:00  -                        
2430	4:30  BбєЎch Long Дђiб»‡n        
2431	5:00  QuбєЈng TrЖ°б»ќng Quб»·
2432	5:30  Huyбєїt LГўu        
2433	6:00  -                        
2434	6:30  -                        
2435	7:00  -                        
2436	7:30  Huyбєїt LГўu    
2437	8:00  QuбєЈng TrЖ°б»ќng Quб»·         
2438	8:30  BбєЎch Long Дђiб»‡n            20:30   BбєЎch Long Дђiб»‡n
2439	9:00  -                        
2440	9:30 Huyбєїt LГўu          
2441	10:00 Hб»—n NguyГЄn LГўu          
2442	10:30 Hб»—n NguyГЄn LГўu(PC)   
2443	11:00 QuбєЈng TrЖ°б»ќng Quб»·
2444	11:30 Huyбєїt LГўu
2445	12:00 Hб»—n NguyГЄn LГўu(PC) 
2446	 <<CбєҐp Д‘б»™ Д‘i CC >>         << CбєҐp Д‘б»™ Д‘i Devil >>
2447	Дђбєіng cбєҐp 2 bГ¬nh thЖ°б»ќng      Дђбєіng cбєҐp 2 bГ¬nh thЖ°б»ќng
2448	 1    15-49     15-29      1    15-130    10-110
2449	 2    50-119    30-99      2    131-180   111-160
2450	 3    120-179   100-159    3    181-230   161-210
2451	 4    180-239   160-219    4    231-280   211-260
2452	 5    240-299   220-279    5    281-330   261-310
2453	 6    300-400   280-400    6    331-400   311-400
2454	 7        Master                                 Master
2455	 << CбєҐp Д‘б»™ Д‘i Huyбєїt LГўu >>     << CбєҐp Д‘б»™ Д‘i BбєЎch Long Дђiб»‡n >>
2456	CбєҐp Д‘б»™ DL/MG      CбєҐp Д‘б»™ DL/MG
2457	 1    15-80     10-60        1    220-270
2458	 2    81-130    61-110       2    271-320
2459	 3    131-180   111-160      3    321-350
2460	 4    181-230   161-210      4    351-380
2461	 5    231-280   211-260      5    381-400
2462	 6    281-330   261-310      6     Max
2463	 7    331-400   311-400
2464	 8       Master         Master
2500	Hб»“i phб»Ґc 100%% HP
2501	Hб»“i phб»Ґc 100%% Mana
2502	CГі hiб»‡u quбєЈ kГ©o dГ i trong
2503	TДѓng tб»‘c Д‘б»™ tбєҐn cГґng +%d
2504	TДѓng phГІng thб»§ +%d
2505	TДѓng sГЎt thЖ°ЖЎng +%d
2506	TДѓng phГ©p thuбє­t +%d
2507	TДѓng HP +%d
2508	TДѓng MP +%d
2509	BбєҐm M chб»Ќn vб»‹ trГ­ Д‘б»ѓ dб»‹ch chuyб»ѓn nhanh
2510	CГі tГЎc dб»Ґng lбєҐy lбєЎi Д‘iб»ѓm Д‘ГЈ cб»™ng
2511	Sб»‘ Д‘iб»ѓm lбєҐy lбєЎi: %d
2512	TДѓng sб»©c mбєЎnh +%d
2513	TДѓng nhanh nhбє№n +%d
2514	TДѓng thб»ѓ lб»±c +%d
2515	TДѓng nДѓng lЖ°б»Јng +%d
2516	TДѓng mб»‡nh lб»‡nh +%d
2517	Sб»­ dб»Ґng trong thб»ќi gian nhбєҐt Д‘б»‹nh
2518	CГі tГЎc dб»Ґng kГ©o dГ i trong
2519	TДѓng nhanh thб»ќi giam xГЎm hб»‘i tб»™i lб»—i
2520	Дђiб»ѓm giбєЈm: %d
2521	Дђiб»ѓm khбєЈ nДѓng reset thiбєїu.
2522	KhГґng Д‘б»§ Д‘iб»ѓm Mб»‡nh lб»‡nh Д‘б»ѓ sб»­ dб»Ґng.
2523	Дђiб»ѓm %s Д‘Ж°б»Јc reset %d
2524	Дђiб»ѓm Reset tДѓng khбєЈ nДѓng Reset
2525	Tiбєїn hГ nh Reset
2526	Hieu qua cua than chu van con nen khong the mua them
2527	Tac dung cua bua chu van con nen khong the mua them bua
2528	Neu su dung thi hieu qua tren nguoi se bien mat
2529	Ban co muon su dung khong?
2530	Thuoc tang luc con tac dung khong the dung them
2531	Item khГґng thб»ѓ mua
2532	Hiб»‡u quбєЈ gia tДѓng 40 lб»±c cГґng kГ­ch
2533	Thб»ќi gian duy trГ¬: %s
2534	HГЈy thu nhбє­p Д‘б»§ sб»‘ lЖ°б»Јng mang Д‘бєїn cho Hoa TiГЄn Д‘б»ѓ Д‘б»•i quГ 
2535	Thu thбє­p 10 cГЎi
2536	Thu thбє­p 30 cГЎi
2537	Thu thбє­p 50 cГЎi
2538	Nбєїu tбє­p hб»Јp cГЎc loбєЎi Hoa mang Д‘бєїn thГ¬ cГі thб»ѓ Д‘б»•i lбєҐy mб»™t mГіn quГ 
2539	KhГґng Д‘б»§ sб»‘ Hoa yГЄu cбє§u
2540	PhбєЈi cГ№ng mб»™t loбєЎi Hoa
2541	Дђб»•i Hoa
2542	LoбєЎi Hoa Mai TrбєЇng
2543	LoбєЎi Hoa Mai Дђб»Џ
2544	LoбєЎi Hoa Mai VГ ng
2545	Tбє­p hб»Јp Hoa
2546	10 cГЎnh Hoa Mai TrбєЇng
2547	30 cГЎnh Hoa Dao Дђб»Џ
2548	50 cГЎnh Hoa Mai VГ ng
2549	Gia tДѓng 700 lЖ°б»Јng Mana tб»‘i Д‘a
2550	Gia tДѓng 700 lЖ°б»Јng HP tб»‘i Д‘a
2551	Cho phГ©p tбєЎo ra nhГўn vбє­t Thuбє­t SД©
2552	CГі thб»ѓ nhбє­n Д‘Ж°б»Јc vбє­t phбє©m ngбє«u nhiГЄn
2553	CГі thб»ѓ nhбє­n Д‘Ж°б»Јc vбє­t phбє©m cao cбєҐp
2554	KhГґng thб»ѓ tбєЎo nhГўn vбє­t Thuбє­t SД© vui lГІng thб»­ lбєЎi cГЎc bЖ°б»›c thб»±c hiб»‡n
2555	BбєЎn Д‘ГЈ cГі rб»“i nГЄn khГґng thб»ѓ mua thГЄm
2556	CГі thб»ѓ nhбє­n Д‘Ж°б»Јc vбє­t phбє©m Д‘бє·c biб»‡t
2557	KhГґng cГі tГЎc dб»Ґng vб»›i cбєҐp Master
2558	KhГґng thбєї di chuyб»ѓn bбє±ng command.
2559	Hб»“i phб»Ґc 65%% thб»ѓ lб»±c.
2560	Kбєїt hб»Јp Hoa
2561	PhбєЈi Д‘Гіng cб»­a hГ ng mб»›i sб»­ dб»Ґng Д‘Ж°б»Јc
2562	KhГґng thб»ѓ mб»џ cб»­a hГ ng khi Д‘ang kбєїt hб»Јp
2563	Linh hб»“n Hб»Џa Tiб»…n
2564	Phбє§n thЖ°б»џng 50 cГ nh hoa
2565	Hoa Anh ДђГ o
2566	CГі tГЎc dб»Ґng vб»›i cбєҐp Д‘б»™ Master
2567	KhГґng cГі hiб»‡u lб»±c vб»›i cбєҐp Д‘б»™ Master
2568	Sб»­ dб»Ґng Д‘б»ѓ kГ­ch hoбєЎt danh sГЎch Dб»‹ch chuyб»ѓn (M)
2569	KhбєЈ nДѓng phб»Ґc hб»“i %d%% sinh mбєЎng
2570	TДѓng cГЎc khбєЈ nДѓng phб»Ґc hб»“i HP vГ  nhГўn Д‘iб»ѓm kinh nghiб»‡m
2571	KhбєЈ nДѓng phб»Ґc hб»“i %d%% Mana
2572	TДѓng cГЎc khбєЈ nДѓng phб»Ґc hб»“i Mana va Д‘ГЎnh rб»›t item
2573	Hб»— trб»Ј nГўng cбєҐp vбє­t phбє©m +10 Д‘бєїn +15
2574	GiГєp khГґng bб»‹ mбєҐt vбє­t phбє©m khi nГўng cбєҐp thбєҐt bбєЎi
2575	TДѓng 40%% sб»©c sГЎt thЖ°ЖЎng vГ  phГ©p thuбє­t
2576	Tб»‘c Д‘б»™ tбєҐn cГґng +10
2577	HбєҐp thб»Ґ 30%% sб»©c tбєҐn cГґng cб»§a quГЎi vбє­t
2578	TДѓng 50 Д‘iб»ѓm HP
2579	TДѓng 50 Д‘iб»ѓm Mana
2580	TДѓng 20%% khбєЈ nДѓng ra Д‘ГІn chГ­ mбєЎng
2581	TДѓng 20%% sб»©c sГЎt thЖ°ЖЎng
2582	ДђЖ°б»Јc trang bб»‹
2583	Binh Д‘oГ n Undead Д‘ang xГўm nhбє­p lб»Ґc Д‘б»‹a MU
2584	BбєЎn Д‘ГЈ trб»џ thГ nh ngЖ°б»ќi thб»© %s Д‘бєїn Д‘Гўy. Xin chГєc mб»«ng!
2585	Hoang nghГЄnh Д‘бєїn vб»›i lГ ng Santa! HГЈy Д‘бєїn nhбє­n quГ !
2586	BбєЎn muб»‘n trб»џ vб»Ѓ Devias?
2587	Mб»—i ngГ y chб»‰ Д‘Ж°б»Јc vГ o 1 lбє§n
2588	ChГ o mб»«ng bбєЎn Д‘бєїn vб»›i lГ ng Santa! HГЈy nhбє­n lбєҐy mГіn quГ  nГ y! Khi trб»џ lбєЎi lбє§n sau hГЈy tГ¬m tГґi Д‘б»ѓ nhбє­n quГ  nhГ©!
2589	Click chuб»™t phбєЈi Д‘б»ѓ Д‘бєїn lГ ng Santa
2590	BбєЎn cГі muб»‘n Д‘бєїn lГ ng Santa khГґng?
2591	Sб»©c tбєҐn cГґng vГ  phГІng thб»§ Д‘ГЈ tДѓng lГЄn
2592	TДѓng tб»‘i Д‘a %d Д‘iб»ѓm HP
2593	TДѓng tб»‘i Д‘a %d Д‘iб»ѓm Mana
2594	TДѓng %d sб»©c sГЎt thЖ°ЖЎng
2595	TДѓng %d sб»©c phГІng thб»§
2596	Phб»Ґc hб»“i 100%% Nб»™i lб»±c
2597	Phб»Ґc hб»“i 100%% Mana
2598	TДѓng %d tб»‘c Д‘б»™ tбєҐn cГґng
2599	TДѓng %d khбєЈ nДѓng phб»Ґc hб»“i Nб»™i Lб»±c
2600	Tб»± Д‘б»™ng nhбє·t Zen
2601	HГЈy tiбєїp tб»Ґc Д‘i tiбєїp bбєЎn sбєЅ gбє·p Д‘Ж°б»Јc NgЖ°б»ќi Tuyбєїt
2602	Dб»‹ch chuyб»ѓn Д‘бєїn vб»‹ trГ­ vб»«a chбєїt
2603	Dб»‹ch chuyб»ѓn bбє±ng chuб»™t phбєЈi
2604	DГ№ng Д‘б»ѓ Д‘ГЎnh dбєҐu vб»‹ trГ­
2605	Click chuб»™t phбєЈi Д‘б»ѓ lЖ°u vб»‹ trГ­
2606	Quay lбєЎi vб»‹ trГ­ Д‘ГЈ Д‘ГЎnh dбєҐu
2607	CГі Д‘i Д‘бєїn vб»‹ trГ­ Д‘ГЎnh dбєҐu hay khГґng?
2608	KhГґng thб»ѓ sб»­ dб»Ґng! vб»‹ trГ­ Д‘ГЈ bб»‹ hб»§y.
2609	BбєЎn muб»‘n lЖ°u lбєЎi vб»‹ trГ­ nГ y khГґng?
2610	KhГґng thб»ѓ sб»­ dб»Ґng thГЄm vГ¬ nГі Д‘ГЈ Д‘Ж°б»Јc kГ­ch hoбєЎt
2611	LГ ng Santa
2612	CбєҐp Master khГґng thб»ѓ sб»­ dб»Ґng vбє­t phбє©m nГ y
2613	LГ ng Santa yГЄu cбє§u Level 15 trб»џ lГЄn!
2614	TГЄn nhГўn vбє­t phбєЈi Д‘Ж°б»Јc viбєїt hoa chб»Ї cГЎi Д‘бє§u tiГЄn. Tб»‘i Д‘a lГ  10 kГЅ tб»±
2620	/Party battle request
2621	/Party battle cancellation
2622	%s Д‘б»“ng ГЅ vГ o nhГіm
2623	%s tб»« chб»‘i gia nhбє­p nhГіm
2624	NhГіm Д‘ГЈ Д‘б»§ sб»‘ thГ nh viГЄn
2625	NhГіm nГ y Д‘ang thi Д‘бєҐu! HГЈy Д‘б»Јi Д‘бєїn khi trбє­n Д‘бєҐu kбєїt thГєc
2626	Thi Д‘бєҐu theo nhГіm
2627	BбєЎn cГі nhбє­n lб»ќi thГЎch Д‘бєҐu theo nhГіm hay khГґng?
2640	Lб»­a 
2641	NЖ°б»›c 
2642	BДѓng 
2643	GiГі 
2644	SГ©t 
2645	ДђбєҐt
2646	Дђб»™c 
2650	Socket
2651	Option socket
2652	KhГґng cГі ngб»Ќc
2653	Thuб»™c tГ­nh: %s
2654	CбєҐp: %d
2655	Socket %d: %s
2656	TГ­nh nДѓng Socket
2657	Chб»Ќn bб»™ socket
2660	Tinh chбєї
2661	NГ©n khuГґn
2662	KhбєЈm ngб»Ќc
2663	Hб»§y ngб»Ќc
2664	Tinh chбєї nguyГЄn tб»‘
2665	Г‰p khuГґn
2666	NgЖ°б»ќi tinh chбєї
2667	BбєЎn muб»‘n tinh chбєї nguyГЄn tб»‘ hay Г©p khuГґn?
2668	PhбєЈi cГі Д‘б»§ nguyГЄn liб»‡u mб»›i tinh chбєї Д‘Ж°б»Јc
2669	KhбєЈm Ngб»Ќc
2670	Hб»§y Ngб»Ќc
2671	Nghб»‡ nhГўn Ngб»Ќc nguyГЄn tб»‘
2672	BбєЎn muб»‘n nГ©n ngб»Ќc lГЄn vЕ© khГ­ hay giГЎp trб»Ґ?
2673	Hay muб»‘n hб»§y bб»Џ nhб»Їng loбєЎi ngб»Ќc Д‘ГЈ nГ©n vГ o?
2674	Lб»±a chб»Ќn socket tДѓng dбє§n
2675	Lб»±a chб»Ќn socket giбєЈm dбє§n
2676	Vui lГІng chб»Ќn vб»‹ trГ­ Socket sбєЅ nГ©n ngб»Ќc vГ o!
2677	Socket nГ y Д‘ГЈ nГ©n ngб»Ќc rб»“i
2678	Vui lГІng chб»Ќn Socket muб»‘n hб»§y bб»Џ!
2679	Socket nГ y khГґng cГі ngб»Ќc Д‘б»ѓ hб»§y bб»Џ
2680	NguyГЄn tб»‘
2681	KhuГґn
2682	HoГ n chб»‰nh
2683	KhГґng thб»ѓ khбєЈm ngб»Ќc cГі tГ­nh nДѓng giб»‘ng nhau
2684	Lб»­a, BДѓng, SГ©t
2685	NЖ°б»›c, GiГі
2686	Vulcanus
2687	BбєЎn gб»­i lб»ќi thГЎch Д‘бєҐu Д‘бєїn %s
2688	BбєЇt Д‘бє§u giao Д‘бєҐu!!
2689	Trбє­n Д‘бєҐu kбєїt thГєc. Sau %d giГўy sбєЅ di chuyб»ѓn vб»Ѓ lГ ng.
2690	YГЄu cбє§u giao dб»‹ch
2691	Nhбє­n lб»ќi thГЎch Д‘бєҐu cб»§a %s
2692	CГі mб»™t trбє­n Д‘бєҐu Д‘ang diб»…n ra
2693	Vui lГІng thб»­ lбєЎi sau
2694	Kбєїt thГєc giao Д‘бєҐu
2695	
2696	NgЖ°б»ќi chiбєїn thбєЇng Д‘Ж°б»Јc nhбє­n thЖ°б»џng
2697	
2698	NgЖ°б»ќi gГЎc cб»•ng Titus
2699	HГЈy chб»Ќn Д‘бєҐu trЖ°б»ќng muб»‘n xem
2700	ДђбєҐu trЖ°б»ќng # %d
2701	VГ o xem
2702	Ngб»«ng theo dГµi trбє­n Д‘бєҐu
2703	ДђбєҐu trЖ°б»ќng
2704	YГЄu cбє§u cбєҐp Д‘б»™ trГЄn %d mб»›i Д‘Ж°б»Јc tham gia
2705	KhГґng giao Д‘бєҐu
2706	KhГґng thб»ѓ xem trбє­n Д‘бєҐu
2707	Hбєїt chб»—! Vui lГІng quay lбєЎi sau
2708	Дђбє·t vГ o MГЎy Pha Trб»™n khi nГўng cбєҐp item tб»« +10 Д‘бєїn +15
2709	Vбє­t Phбє©m/Kб»№ NДѓng/May MбєЇn/TГ­nh NДѓng Д‘Ж°б»Јc tбєЎo ra mб»™t cГЎch ngбє«u nhiГЄn
2714	Khi chбєїt, vбє­t phбє©m vГ  kinh nghiб»‡m Д‘Ж°б»Јc giб»Ї nguyГЄn
2715	Дђб»™ bб»Ѓn cб»§a vбє­t phбє©m khГґng bб»‹ giбєЈm theo thб»ќi gian
2716	Vбє­t phбє©m khГґng dГ№ng cho thГє hб»— trб»Ј
2717	Hб»— trб»Ј tбєЎo ra cГЎnh mong muб»‘n khi thГ nh cГґng
2718	GiГєp tбєЎo ra CГЎnh Quб»·
2719	GiГєp tбєЎo ra CГЎnh Rб»“ng
2720	GiГєp tбєЎo ra CГЎnh ThiГЄn ДђГ ng
2721	GiГєp tбєЎo ra CГЎnh Linh Hб»“n
2722	GiГєp tбєЎo ra CГЎnh TiГЄn Nб»Ї
2723	GiГєp tбєЎo ra CГЎnh Tinh Thбє§n
2724	GiГєp tбєЎo ra CГЎnh VЕ© Linh
2725	GiГєp tбєЎo ra CГЎnh ДђбєЎi BГ ng
2726	GiГєp tбєЎo ra CГЎnh BГіng ДђГЄm
2727	GiГєp tбєЎo ra ГЃo choГ ng Дђбєї VЖ°ЖЎng
2728	Nhбє­n EXP - Chб»‰ giГ nh cho cбєҐp Д‘б»™ Master
2729	KhГґng bб»‹ phбєЎt khi nhГўn vбє­t chбєїt
2730	Duy trГ¬ Д‘б»™ bб»Ѓn cho vбє­t phбє©m
2731	HГЈy chб»Ќn khu vб»±c sбєЅ di chuyб»ѓn Д‘бєїn
2732	BГ№a CГЎnh Quб»·
2733	BГ№a CГЎnh ThiГЄn ДђГ ng
2734	BГ№a CГЎnh TiГЄn Nб»Ї
2735	BГ№a CГЎnh VЕ© Linh
2736	BГ№a ГЎo choГ ng Дђбєї VЖ°ЖЎng
2737	BГ№a CГЎnh Rб»“ng
2738	BГ№a CГЎnh Linh Hб»“n
2739	BГ№a CГЎnh Tinh Thбє§n
2740	BГ№a CГЎnh ДђбєЎi BГ ng
2741	BГ№a CГЎnh BГіng ДђГЄm
2742	KhбєЈ nДѓng tбєҐn cГґng vГ  khбєЈ nДѓng phГІng thб»§ Д‘Ж°б»Јc tДѓng lГЄn
2743	Sб»­ dб»Ґng Д‘б»ѓ tбєЎo ra GбєҐu TrГєc
2744	ThДѓng thГЄm 50%% lЖ°б»Јng Zen
2745	Lб»±c tбєҐn cГґng +30
2746	Tб»± Д‘б»™ng nhбє·t Zen xung quanh
2747	TДѓng 50%% Д‘iб»ѓm kinh nghiб»‡m
2748	Lб»±c phГІng thб»§ +50
2756	Laguda
2757	Sб»џ hб»Їu vГ© vГ o Dopple
2758	Lб»‘i vГ o Dopple
2759	Hiб»ѓn thб»‹
2760	VГ© vГ o Dopple
2761	Thб»ќi gian cГі thб»ѓ Д‘Дѓng nhбє­p
2762	ДђДѓng nhбє­p sau %d phГєt
2763	Nбєїu 3 con quГЎi vбє­t Д‘i Д‘бєїn vГІng trГІn
2764	NhГўn vбє­t chбєїt, ngбєЇt kбєїt nб»‘i, lб»‡nh di chuyб»ѓn
2765	SбєЅ thбєҐt bбєЎi khi sб»­ dб»Ґng tбєЎi Dopple.
2766	PhГІng thб»§ tбєЎi Dopple thбєҐt bбєЎi.
2767	XГўm phбєЎm ranh giб»›i Dopple
2768	PhГІng thб»§ thбєҐt bбєЎi.
2769	Xin chГєc mб»«ng!
2770	PhГІng thб»§ thГ nh cГґng tбєЎi Dopple.
2771	ThЖ°б»џng kinh nghiб»‡m : %d
2772	QuГЎi vбє­t hГ nh lang : ( %d/%d )
2773	DбєҐu hiб»‡u cГі Д‘ГЎnh dбєҐu kГ­ch thЖ°б»›c
2774	Tб»± Д‘б»™ng thu nhбє­p Д‘Ж°б»Јc 5 cГЎi
2775	Biб»ѓn Д‘б»•i thГ nh 'vГ© vГ o Dopple'
2776	Thiбєїu %d cГЎi Д‘б»ѓ chбєї tбєЎo vГ© vГ o Dopple.
2777	ThГґng qua NPC Laguda Д‘б»ѓ Д‘бєїn khu vб»±c Dopple
2778	LГ  chГ¬a khГіa duy nhбєҐt Д‘б»ѓ dб»‹ch chuyб»ѓn
2779	NhГўn vбє­t cГі vГ© vГ o Dopple cГі thб»ѓ Д‘Дѓng nhбє­p
2783	Mб»‡nh lб»‡nh cб»§a Gaion
2784	Kбєї hoбєЎch hб»§y diб»‡t Д‘бєї chбєї cб»§a Gaion
2785	Mб»‡nh lб»‡nh cб»§a Gaion nбєїu Д‘Ж°б»Јc sб»­ dб»Ґng.
2786	CГі thб»ѓ Д‘Дѓng nhбє­p vГ o phГЎo Д‘Г i bбєЈo vб»‡
2787	Lб»ќi chГє giбєЈi cho sб»± nghi vбєҐn
2788	MбєЈnh giбєҐy cЕ©. ДђЖ°б»Јc viбєїt bбє±ng kГЅ tб»± nГЄn khГґng thб»ѓ Д‘б»Ќc Д‘Ж°б»Јc.
2789	Mбє©u Д‘бє§u tiГЄn Secromicon%d
2790	NguyГЄn liб»‡u Secromicon hoГ n thГ nh
2791	Secromicon Д‘ГЈ hoГ n thГ nh
2792	Kim khГ­ vД©nh cб»­u Secromicon
2793	CГі chб»©a nб»™i dung nghiГЄn cб»©u cб»§a ДђбєЎi PhГЎp SЖ° EtuLamo Renos.
2794	NgЖ°б»ќi trб»Ј giГєp Jerinter
2795	Nбєїu khГґng cГі mб»‡nh lб»‡nh cб»§a Gaion
2796	KhГґng thб»ѓ di chuyб»ѓn vГ o PhГЎo Д‘Г i bбєЈo vб»‡
2797	Hiб»ѓn thб»‹ GiбєҐy mб»‡nh lб»‡nh
2798	Dб»± kiбєїn thб»ќi gian cГі thб»ѓ Д‘Дѓng nhбє­p
2799	CГі thб»ѓ Д‘Дѓng nhбє­p sau %d phГєt
2800	BбєЎn Д‘ГЈ cГі thб»ѓ Д‘Дѓng nhбє­p
2801	PhГЎo Д‘Г i bбєЈo vб»‡ cбєҐp %d
2802	HoГ n thГ nh
2803	Chiбєїm Д‘Гіng PhГЎo Д‘Г i bбєЈo vб»‡
2804	ThбєҐt bбєЎi
2805	TДѓng %d khu vб»±c %d
2806	Baruka
2809	TГ¬nh trбєЎng yГЄu cбє§u
2810	Phбє§n thЖ°б»џng
2811	XГЎc nhбє­n
2812	Tren
2813	Den
2814	Nhiб»‡m vб»Ґ Д‘ГЈ Д‘Ж°б»Јc hoГ n thГ nh thГ nh cГґng
2816	Sб»‘ tiб»Ѓn Д‘ang sб»џ hб»Їu quГЎ Д‘бє§y
2817	Khi tб»« bб»Џ nhiб»‡m vб»Ґ nГ y thГ¬ tбєҐt cбєЈ cГЎc nhiб»‡m vб»Ґ liГЄn quan khГґng thб»ѓ thб»±c hiб»‡n. BбєЎn chбєЇc chбєЇn muб»‘n tб»« bб»Џ?
2818	ДђГЈ tб»« bб»Џ nhiб»‡m vб»Ґ
2819	Mб»џ cб»­a sб»• nhГўn vбє­t ( C )
2820	Mб»џ cб»­a sб»• trang bб»‹ (I, V)
2821	Thay Д‘б»•i
2822	Mб»џ nhiб»‡m vб»Ґ
2823	Bб»Џ nhiб»‡m vб»Ґ
2824	Castle / BбєЎch Long Дђiб»‡n
2825	Hiб»‡n tбєЎi nhiб»‡m vб»Ґ Д‘ang thб»±c hiб»‡n khГґng cГі
2831	Thiбєїu vбє­t phбє©m nhiб»‡m vб»Ґ can thiб»‡t Д‘б»ѓ Д‘Дѓng nhбє­p
2832	ДђГЈ thoГЎt khб»Џi khu vб»±c %d. HГЈy di chuyб»ѓn Д‘бєїn khu vб»±c sau.
2833	VЖ°б»Јt quГЎ sб»‘ thГ nh viГЄn khГґng thб»ѓ Д‘Дѓng nhбє­p
2834	CГІn thб»ќi gian thб»±c hiб»‡n
2835	Khi Д‘Дѓng nhбє­p bбєЈn Д‘б»“ tбє§ng 7( Chб»§ nhбє­t )
2836	PhбєЈi cГі Secromicon hoГ n chб»‰nh
2837	CГі thб»ѓ Д‘Дѓng nhбє­p PhГЎo Д‘Г i
2838	Khi б»џ trбєЎng thГЎi nhГіm
2839	Thiбєїu vбє­t phбє©m nhiб»‡m vб»Ґ
2840	Khu vб»±c thГ nh cГґng
2841	Дђб»§ thГ nh viГЄn
2842	CГІn б»џ thб»ќi gian thб»±c hiб»‡n
2843	PhбєЈi cГі nhГіm mб»›i cГі thб»ѓ Д‘Дѓng nhбє­p
2844	Thб»ќi gian chб»ќ
2845	QuГЎi vбє­t tб»“n tбєЎi
2855	255 sб»± kiб»‡n cho 1 Д‘б»“ng xu may mбєЇn
2856	ДђЖЎn giбєЈn chб»‰ cбє§n Д‘Дѓng kГЅ thГґng qua xб»• sб»‘
2857	SбєЅ lГ  mб»™t vЕ© khГ­ tuyб»‡t Д‘б»‘i.
2858	Дђб»ѓ biбєїt thГЄm thГґng tin, xin tham khбєЈo trГЄn trang chб»§.
2859	Account for 1 per player to enter.
2860	Kбєїt thГєc Д‘Дѓng nhбє­p Dopple sau %d giГўy
2861	BбєЇt Д‘бє§u Dopple sau %d giГўy
2862	Thб»ќi gian tiГЄu diб»‡t Ice Walker c
2863	ThoГЎt ra Dopple trЖ°б»›c %d giГўy
2864	Giao Д‘бєҐu Д‘ГЈ bбєЇt Д‘бє§u khГґng thб»ѓ Д‘Дѓng nhбє­p.
2865	б»ћ trбєЎng thГЎi sГЎt nhГўn khГґng thб»ѓ Д‘Дѓng nhбє­p
2866	KhГґng thб»ѓ thГЎch Д‘бєҐu trong khu vб»±c tЖ°ЖЎng б»©ng
2867	Fatigue
2868	Fatigue khong giam va khong nhan hinh paht Fatigue.
2869	Tich luy thoi gian truy cap bi nhan hinh phat cap 1. Giam 50%% diem kinh nghiem dat duoc, giam 50%% ty le rot vat pham.
2870	Tich luy thoi gian truy cap bi nhan hinh phat cap 1. Giam 50%% diem kinh nghiem dat duoc, giam 0%% ty le rot vat pham.
2871	Cong dung cua Elixir hoat luc toi ha cap thi hinh phat Fatigue duoc vo hieu hoa.
2872	Cong dung cua Elixir hoat luc ha cap thi hinh phat Fatigue duoc vo hieu hoa.
2873	Cong dung cua Elixir hoat luc trung cap thi hinh phat Fatigue duoc vo hieu hoa.
2874	Cong dung cua Elixir hoat luc thuong cap thi hinh phat Fatigue duoc vo hieu hoa.
2875	ThГґng qua tб»• hб»Јp Goblin vб»›i Hб»™p VГ ng cГі thб»ѓ tбєЎo ra Hб»™p quГ  VГ ng.
2876	ThГґng qua tб»• hб»Јp Goblin vб»›i Hб»™p BбєЎc cГі thб»ѓ tбєЎo ra Hб»™p quГ  BбєЎc.
2877	ThГґng qua tб»• hб»Јp Goblin vб»›i ChГ¬a khГіa VГ ng cГі thб»ѓ tбєЎo ra Hб»™p quГ  VГ ng.
2878	ThГґng qua tб»• hб»Јp Goblin vб»›i ChГ¬a khГіa BбєЎc cГі thб»ѓ tбєЎo ra Hб»™p quГ  BбєЎc.
2879	TбєЎo ra vбє­t phбє©m quГЅ hiбєїm vб»›i tб»· lб»‡ бєҐn Д‘б»‹nh khi rЖЎi ra.
2880	TбєЎo ra vбє­t phбє©m quГЅ hiбєїm vб»›i tб»· lб»‡ бєҐn Д‘б»‹nh khi rЖЎi ra.
2881	Hб»™p VГ ng
2882	Hб»™p BбєЎc
2883	My W Coin(C) : %s
2884	Goblin Points : %s
2885	Дђiб»ѓm thЖ°б»џng : %s
2886	Mua
2887	Sб»­ dб»Ґng
2888	Hб»™p lЖ°u trб»Ї
2889	Hб»™p quГ 
2890	Cб»­a sб»• mua bГЎn
2891	Mua
2892	QuГ 
2894	Giб»›i hбєЎn mua hГ ng
2895	LГ  vбє­t phбє©m Д‘Ж°б»Јc hбєЎn chбєї mua
2896	XГЎc nhбє­n mua
2897	BбєЎn sбєЅ mua vбє­t phбє©m nГ y
2898	Vбє­t phбє©m Д‘ГЈ qua sб»­ dб»Ґng hoбє·c lбєҐy ra tб»« hб»™p lЖ°u trб»Ї sau khi mua khГґng Д‘Ж°б»Јc hoГ n lбєЎi vГ  hб»§y bб»Џ.
2900	Giao dб»‹ch thГ nh cГґng
2901	Giao dб»‹ch Д‘ГЈ thГ nh cГґng
2902	Giao dб»‹ch thбєҐt bбєЎi
2903	Thiбєїu Д‘iб»ѓm vГ  tiб»Ѓn
2904	ThГ№ng Д‘б»“ khГґng cГі chб»— trб»‘ng
2905	QuГ  tбє·ng giб»›i hбєЎn
2906	Vбє­t phбє©m khГґng thб»ѓ tДѓng
2907	XГЎc nhбє­n quГ  tбє·ng
2908	BбєЎn muб»‘n tбє·ng vбє­t phбє©m nГ y?
2909	Vбє­t phбє©m Д‘ГЈ sб»­ dб»Ґng hoбє·c lбєҐy ra tб»« hб»™p lЖ°u trб»Ї sau khi mua khГґng Д‘Ж°б»Јc hoГ n lбєЎi vГ  hб»§y bб»Џ.
2910	Tбє·ng quГ  thГ nh cГґng
2911	Tбє·ng quГ  Д‘ГЈ thГ nh cГґng
2912	Tбє·ng quГ  Д‘ГЈ thбєҐt bбєЎi
2913	Thiбєїu tiб»Ѓn
2914	ThГ№ng Д‘б»“ cб»§a Д‘б»‘i phЖ°ЖЎng khГґng cГі chб»— trб»‘ng
2915	KhГґng thб»ѓ tГ¬m thбєҐy mб»Ґc tiГЄu
2916	Vбє­t phбє©m quГ 
2917	TГЄn vбє­t phбє©m : %s
2918	TГЄn nhГўn vбє­t sбєЅ mua quГ 
2919	<Tin nhan tang qua>
2920	Vбє­t phбє©m quГ  khГґng thб»ѓ hoГ n lбєЎi vГ  hб»§y bб»Џ. BбєЎn muб»‘n gб»­i tбє·ng ?
2921	LГЎ quГ  tбє·ng tб»« %s .
2922	XГЎc nhбє­n sб»­ dб»Ґng
2923	Ban muon su dung %s?##* Tat ca vat pham duoc chuyen vao thung do ngoai tru vat pham Con dau va vat pham bua ho tro.##Vat pham lay tu hop qua/ hop luu tru khong the hoan lai hay phuc hoi.
2924	Sб»­ dб»Ґng thГ nh cГґng
2925	ДђГЈ sб»­ dб»Ґng vбє­t phбє©m
2926	KhГґng thб»ѓ sб»­ dб»Ґng
2927	Vбє­t phбє©m cЖЎ bбєЈn khГґng thб»ѓ sб»­ dб»Ґng trong trГІ chЖЎi.# Xin vui lГІng sб»­ dб»Ґng trГЄn Web.
2928	Sб»­ dб»Ґng thбєҐt bбєЎi
2929	ThГ№ng Д‘б»“ khГґng cГі chб»— trб»‘ng.# HГЈy thб»­ lбєЎi lбє§n nб»Їa.
2930	XГіa vбє­t phбє©m
2931	XГіa vбє­t phбє©m Д‘ГЈ chб»Ќn.##Vбє­t phбє©m Д‘Ж°б»Јc xГіa khГґng thб»ѓ hoГ n lбєЎi hay phб»Ґc hб»“ii. BбєЎn muб»‘n thбє­t sб»± xГіa ?
2932	XГіa
2933	XГіa bб»Џ thГ nh cГґng
2934	Vбє­t phбє©m Д‘ГЈ Д‘Ж°б»Јc xГіa bб»Џ
2935	XГіa bб»Џ thбєҐt bбєЎi
2936	Vбє­t phбє©m khГґng thб»ѓ xГіa
2937	Giб»›i hбєЎn kб»№ nДѓng
2938	Kб»№ nДѓng khГґng Д‘Ж°б»Јc hб»— trб»Ј tбєЎi cб»­a hГ ng trong trГІ chЖЎi.##HГЈy sб»­ dб»Ґng thГґng qua Web.
2939	QuГ  tбє·ng tiб»Ѓn
2940	Tiб»Ѓn tГ­nh phГ­
2941	Cбє­p nhбє­t thГґng tin
2942	XГіa vбє­t phбє©m
2943	Lб»—i 1
2944	lГ  vбє­t phбє©m bб»‹ lб»—i hoбє·c khГґng tб»“n tбєЎi. HГЈy tiбєїn hГ nh vГ o trГІ chЖЎi lбє§n nб»Їa.
2945	Lб»—i 2
2946	Vбє­t phбє©m khГґng tб»“n tбєЎi
2951	TГЄn vбє­t phбє©m
2952	Thб»ќi gian
2953	KhГґng thб»ѓ truy cбє­p DB mб»™t cГЎch bГ¬nh thЖ°б»ќng
2954	PhГЎt sinh lб»—i trong DB
2955	Viб»‡c tбє·ng quГ  cб»§a tГґi Д‘ГЈ vЖ°б»Јt quГЎ giб»›i hбєЎn
2956	LГ  vбє­t phбє©m khГґng thб»ѓ mua vГ¬ khГґng cГі trong kho hГ ng
2957	Thб»ќi gian bГЎn hГ ng lГ  hoГ n thГ nh vбє­t phбє©m
2958	LГ  vбє­t phбє©m hoГ n thГ nh bГЎn hГ ng
2959	KhГґng thб»ѓ tбє·ng quГ  vбє­t phбє©m
2960	KhГґng thб»ѓ tбє·ng quГ  vбє­t phбє©m sб»± kiб»‡n
2961	VЖ°б»Јt quГЎ con sб»‘ cГі thб»ѓ tбє·ng quГ  vбє­t phбє©m sб»± kiб»‡n
2962	Hang muc su dung hop luu tru khong co
2963	La vat pham chi nhan duoc tu phong PC
2964	HГЈy sбєЇp xбєїp lбєЎi hГІm Д‘б»“ cб»§a bбєЎn
2965	vбє­t phбє©m бєҐn Д‘б»‹nh cГЎ nhГўn Д‘ang trong thб»ќi gian sб»­ dб»Ґng
2966	BГЎo lб»—i
2967	Truy cбє­p DB bГЎo lб»—i
2968	TДѓng Nб»™i lб»±c tб»‘i Д‘a + cбєҐp Д‘б»™
2969	TДѓng SD tб»‘i Д‘a + cбєҐp Д‘б»™ x10
2970	TДѓng %d%% Д‘iб»ѓm kinh nghiб»‡m tб»‘i Д‘a tГ№y theo sб»‘ thГ nh viГЄn party
2971	Khi sб»­ dб»Ґng hб»™p lЖ°u trб»Ї Cб»­a hГ ng trong trГІ chЖЎi cГі thб»ѓ Д‘бєЎt Д‘Ж°б»Јc Goblin Point
2972	LГ  hб»™p quГ  cГі chб»©a mб»Ќi loбєЎi vбє­t phбє©m
2973	La vat pham su dung trong 30 ngay.\\n Chi su dung tren Web
2974	La vat pham su dung trong 90 ngay.\\n Chi su dung tren Web
2975	La vat pham su dung trong 30 ngay. Xu ly khi boi thuong chi hoan lai ve tien loai tru diem gia.\\n Chi su dung tren Web
2976	La vat pham su dung trong 90 ngay. Xu ly khi boi thuong chi hoan lai ve tien loai tru diem gia.\\n Chi su dung tren Web
2977	Vat pham su dung trong 3 gio 60 ngay sau khi su dung hop luu tru.\\n Chi su dung tren Web
2978	Vat pham su dung trong 5 gio 60 ngay sau khi su dung hop luu tru.\\n Chi su dung tren Web
2979	Vat pham su dung trong 10 gio 60 ngay sau khi su dung hop luu tru.\\n Chi su dung tren Web
2980	Co the khoi tao toan the ky nang Master lan 1.\\n Chi cos the su dung tren web.
2981	Co the dieu chinh lai 500 diem chi so cua nhan vat.\\n Chi co the su dung tren Web.
2982	Co the chuyen nhan vat qua 1 tai khoan khac trong cung 1 server.\\n Chi co the su dung tren Web.
2983	Co the thay doi ten nhan vat.\\n Chi co the su dung tren Web.
2984	Co the chuyen nhan vat qua 1 server khac trong cung 1 tai khoan.\\n Chi co the su dung tren Web.
2985	Tien hanh chuyen nhan vat lan 1, Thuc hien thay doi ten nhan vat 1.\\n Chi co the su dung tren Web.
2986	ДђГіng gГіp Д‘бєЎt Д‘Ж°б»Јc:%u
2987	(PhГўn tranh)
2988	PhГўn Tranh
2989	The Command window cannot be activated in Battle Zone.
2990	KhГґng thб»ѓ tбєЎo nhГіm vб»›i quГўn Genus cб»§a Д‘б»‘i thб»§
2991	Chб»§ liГЄn minh khГґng Д‘Ж°б»Јc gia nhбє­p vГ o Genus.
2992	Chб»§ Hб»™i khГґng Д‘Ж°б»Јc gia nhбє­p vГ o Genus.
2993	Chб»§ liГЄn minh cГі thб»ѓ gia nhбє­p vГ o Genus khГЎc.
2994	ДђГіng gГіp: %lu
2995	Guild Master cГі thб»ѓ gia nhбє­p vГ o Genus khГЎc.
2996	PhбєЈi gia nhбє­p vГ o Genus cГ№ng vб»›i chб»§ Hб»™i thГ¬ mб»›i cГі thб»ѓ Д‘Дѓng kГЅ gia nhбє­p Hб»™i
2997	Trong khu vб»±c giao Д‘бєҐu khГґng thб»ѓ giбєЈi tГЎn NhГіm
2998	Trong khu vб»±c giao Д‘бєҐu, NhГіm khГґng Д‘Ж°б»Јc kГ­ch hoбєЎt
2999	Fee: 5,000 Zens
3000	Julia
3001	Christine
3002	Raul
3003	TбєЎi chб»Ј Loren
3004	BбєЎn cбє§n
3005	BГЎn nhiб»Ѓu loбєЎi vбє­t phбє©m
3006	Nбєїu cГі hГ ng Д‘б»ѓ bГЎn
3007	Дђi Д‘бєїn chб»Ј
3008	CГі thб»ѓ bГЎn hГ ng.
3009	BбєЎn muб»‘n Д‘i Д‘бєїn chб»Ј ?
3010	BГўy giб»ќ bбєЎn muб»‘n vб»Ѓ lГ ng /
3011	ChГєc bбєЎn 1 ngГ y tб»‘t Д‘бє№p
3012	LuГґn luГґn hбєЎnh phГєc
3013	BбєЎn muб»‘n vб»Ѓ lГ ng ?
3014	Hб»—n NguyГЄn LГўu trong chб»Ј Loren
3015	KhГґng thб»ѓ Д‘Дѓng nhбє­p
3016	Di chuyб»ѓn
3017	Chб»Ј Loren
3018	Hiб»‡u б»©ng tДѓng sб»‘ lЖ°б»Јng nhбє·t Д‘Ж°б»Јc vбє­t phбє©m
3022	Runedil
3023	The queen of the fairies have been through together myurengwa jeonran. Kundunui threats from noriah sekeuneumgwa keeps a long time.
3024	Balgas
3025	MU to the Cry Wolf captured the fort of the Queen and contracts devildom Summoned devildom head of the Corps.
3026	New remuriah
3027	Elbe and madosa eliminated. Future, the resurrection of MU antoniahseu tempted to drink and my 2 drives the war is.
3028	Lб»—i
3029	TбєЈi thГґng tin cб»­a hГ ng thбєҐt bбєЎi!##Vui lГІng kбєїt nб»‘i lбєЎi trГІ chЖЎi#Version %d.%d.%d#%s
3030	TбєЈi banner thбєҐt bбєЎi!##Version %d.%d.%d#%s
3031	KhГґng cГі ID cб»§a ngЖ°б»ќi nhбє­n quГ .
3032	KhГґng thб»ѓ tбє·ng quГ  cho bбєЈn thГўn.
3033	KhГґng cГі vбє­t phбє©m cГі thб»ѓ sб»­ dб»Ґng.
3034	KhГґng cГі vбє­t phбє©m cГі thб»ѓ xГіa.
3035	KhГґng thб»ѓ mб»џ cб»­a hГ ng.#Vui lГІng kбєїt nб»‘i lбєЎi trГІ chЖЎi.
3036	KhГґng thб»ѓ sб»­ dб»Ґng vбє­t phбє©m tЖ°б»џng б»©ng.
3037	TГЄn vбє­t phбє©m : %s
3038	GiГЎ : %s
3039	Thб»ќi gian : %s
3040	Sб»‘ lЖ°б»Јng : %s
3041	QuГ  tбє·ng Д‘Ж°б»Јc gб»­i tб»« bбєЎn '%s'.
3042	%d cai
3043	%s Zen
3044	%d Cash
3045	Sб»‘ lЖ°б»Јng %d CГЎi / Thб»ќi hбєЎn : %s
3046	XГЎc nhбє­n sб»­ dб»Ґng vбє­t phбє©m hб»— trб»Ј
3047	Nбєїu sб»­ dб»Ґng vбє­t phбє©m '%s', thГ¬ hб»— trб»Ј '%s' hiб»‡n Д‘ang sб»­ dб»Ґng sбєЅ biбєїn mбєҐt. BбєЎn muб»‘n sб»­ dб»Ґng vбє­t phбє©m ##'%s' ?
3048	Cб»­a sб»• thГґng tin quГ  tбє·ng
3049	Cб»­a sб»• thГґng tin vбє­t phбє©m
3050	W Coin(C) %s Cash
3051	CГі thб»ѓ mб»џ cб»­a hГ ng tбєЎi khu vб»±c an toГ n hoбє·c cГЎc lГ ng
3052	LГ  vбє­t phбє©m khГґng thб»ѓ mua
3053	vбє­t phбє©m sб»± kiб»‡n khГґng thб»ѓ mua
3054	VЖ°б»Јt qua con sб»‘ mua vбє­t phбє©m sб»± kiб»‡n
3055	BбєЈn Д‘б»“ ( Tab )
3056	Vбє­t phбє©m khГґng thб»ѓ sб»­ dб»Ґng trung lбє­p nГЄn khГґng thб»ѓ mua
3057	Dopple
3058	TДѓng Mana tб»‘i Д‘a 4%%
3059	Lб»Јi Г­ch truy cбє­p phГІng PC
3060	Nhбє­n Д‘Ж°б»Јc 10%% Д‘iб»ѓm kinh nghiб»‡m/ CГі thб»ѓ Д‘Дѓng nhбє­p Hб»—n NguyГЄn LГўu phГІng PC/ ДђДѓng nhбє­p miб»…n phГ­ vГ o Kalima/  TГ­ch lЕ©y Д‘iб»ѓm Goblin
3061	Nhбє­n Д‘Ж°б»Јc 10%% Д‘iб»ѓm kinh nghiб»‡m/ CГі thб»ѓ Д‘Дѓng nhбє­p Hб»—n NguyГЄn LГўu phГІng PC/ ДђДѓng nhбє­p miб»…n phГ­ vГ o Kalima/  TГ­ch lЕ©y Д‘iб»ѓm Goblin /  Sб»­ dб»Ґng miб»…n phГ­ cб»­a sб»• mб»‡nh lб»‡nh dб»‹ch chuyб»ѓn/  Hб»‡ thб»‘ng Stamina chЖ° Д‘Ж°б»Јc б»©ng dб»Ґng
3062	PhГІng PC
3063	Trong chб»Ј Loren khГґng thб»ѓ tiбєїn hГ nh giao Д‘бєҐu
3064	Trong chб»Ј Loren khГґng thб»ѓ tбєЎo nhГіm
3065	Nбєїu sб»­ dб»Ґng cГі thб»ѓ biбєїn thГ nh chiбєїn binh Skeleton.
3066	Sб»©c sГЎt thЖ°ЖЎng/ma lб»±c/lб»±c lб»ќi nguyб»Ѓn +40
3067	Khi sб»­ dб»Ґng cГ№ng vб»›i Pet Skeleton
3068	TДѓng 20%% Sб»©c sГЎt thЖ°ЖЎng, ma lб»±c, lб»±c lб»ќi nguyб»Ѓn
3069	TДѓng tб»‘c Д‘б»™ tбєҐn cГґng + 10
3070	TДѓng 30%% Д‘iб»ѓm kinh nghiб»‡m
3071	Khi sб»­ dб»Ґng Д‘б»“ng thб»ќi vб»›i nhбє«n biбєїn hГ¬nh Skeleton
3072	CГі thб»ѓ Д‘бєЎt Д‘Ж°б»Јc thГЄm 30%% Д‘iб»ѓm kinh nghiб»‡m.
3074	Hб»—n NguyГЄn LГўu Lv.%lu Guard x %lu/%lu
3075	Hб»—n NguyГЄn LГўu Lv.%lu Player x %lu/%lu
3076	Hб»—n NguyГЄn LГўu Lv.%lu Clear
3077	Huyбєїt LГўu Lv.%lu phГЎ hб»§y cб»•ng thГ nh x %lu/%lu
3078	Huyбєїt LГўu Lv.%lu Clear
3079	QuбєЈng TrЖ°б»ќng Quб»· Lv.%lu Дђiб»ѓm x %lu/%lu
3080	QuбєЈng TrЖ°б»ќng Quб»· Lv.%lu Clear
3081	BбєЎch long Д‘iб»‡n Lv.%lu Clear
3082	Random reward ( giГЎ trб»‹ cбє­p nhбє­t %lu) 
3083	Lucky number registration period
3084	NhбєҐp chuб»™t phбєЈi Д‘б»ѓ sб»­ dб»Ґng.
3086	TбєЎo vбє­t phбє©m +14
3087	TбєЎo vбє­t phбє©m +15
3088	KhГґng thб»ѓ ГЎp dб»Ґng cГ№ng vб»›i nhбє«n biбєїn hГ¬nh khГЎc
3089	Cannot be equipped while another Transformation Ring is equipped.
3090	Cб»­a sб»• thГґng tin Genus 
3091	Genus
3092	Duprion
3093	Baneruter
3094	KhГґng Д‘Ж°б»Јc gia nhбє­p vГ o Genus
3095	ThДѓng cбєҐp :
3096	ДђГіng gГіp Д‘бєЎt Д‘Ж°б»Јc
3097	Дђб»ѓ thДѓng cбєҐp cho bбє­c tiбєїp theo, Д‘Гіng gГіp cбє§n thiбєїt lГ  %d.
3098	Genus Rankings
3099	%s tДѓng
3100	MГґ tбєЈ Genus
3101	Thб»ќi gian giбєЈi quyбєїt bб»“i thЖ°б»ќng Genus Rankings lГ  ngГ y bбєЈn cбє­p nhбє­t tuбє§n Д‘бє§u tiГЄn cб»§a mб»—i thГЎng.
3102	Phбє§n thЖ°б»џng Genus Rankings cГі thб»ѓ nhбє­n tбєЎi NPC quбєЈn gia Genus.## Nбєїu trong vГІng mб»™t tuбє§n khГґng nhбє­n phбє§n thЖ°б»џng Genus Rankings thГ¬ tб»± Д‘б»™ng xГіa bб»Џ.
3103	ThГґng tin Genus(B)
3104	ДђбєЎi cГґng tЖ°б»›c#CГґng tЖ°б»›c#Hбє§u tЖ°б»›c#BГЎ tЖ°б»›c#Tu tЖ°б»›c#Nam tЖ°б»›c#SД© quan chiбєїn binh#Chiбєїn binh thЖ°б»Јng cбєҐp#Chiбєїn binh#Thб»§ lД©nh hoГ ng gia#SД© quan#Con dбєҐu thб»© 100#Con dбєҐu thб»© 10#Chiбєїn sД©
3105	CГі thб»ѓ Д‘Дѓng nhбє­p vГ o bбєЈn Д‘б»“ tб»« thб»© Hai - thб»© BбєЈy.
3106	CГі thб»ѓ Д‘Дѓng nhбє­p vГ o bбєЈn Д‘б»“ ngГ y Chб»§ Nhбє­t
3107	BбєЈn Д‘б»“ Baruka tбє§ng 7
3108	Khuyбєїn khГ­ch sб»­ dб»Ґng mбє­t mГЈ Wontaim an toГ n hЖЎn.
3109	BбєЎn muб»‘n Д‘Дѓng kГЅ mбє­t mГЈ Wontaim ngay bГўy giб»ќ ?
3110	hГЈy Д‘Дѓng nhбє­p Wontaimki.
3111	Nhбє­p sai mбє­t khбє©u.
3112	Vui lГІng kiб»ѓm tra lбєЎi lбє§n nб»Їa .
3113	ThГґng tin nhбє­p vГ o bбєҐt thЖ°б»ќng
3114	Hб»§y bб»Џ
3115	Chб»‰ cГі thб»ѓ sб»­ dб»Ґng nhГўn vбє­t ChГєa Tб»ѓ
3116	CГі thб»ѓ Д‘Дѓng nhбє­p vГ o kГЄnh miб»…n phГ­
3117	Tiбєїn hГ nh Game Clients cГі thб»ѓ truy cбє­p vГ o trang chб»§. HГЈy thoГЎt ra vГ  thб»­ lбєЎi lбє§n nб»Їa.
3118	KhГґng mua vГ© Д‘Дѓng nhбє­p kГЄnh tГ­nh phГ­ thГ¬ khГґng thб»ѓ Д‘Дѓng nhбє­p.
3119	Thoi gian co the dang nhap Kenh tinh phi chi con %dphut.
3120	Дђang sб»­ dб»Ґng vбє­t phбє©m trГ№ng nhau. Vui lГІng sб»­ dб»Ґng sau khi hб»§y bб»Џ vбє­t phбє©m Д‘ang dГ№ng.
3121	Vat pham hinh tuong
3122	Vat pham thuc
3123	vбє­t phбє©m bГЎu vбє­t
3124	CГі thб»ѓ sб»­ dб»Ґng bбє±ng chuб»™t phбєЈi tбєЎi thГ№ng Д‘б»“.
3125	TДѓng sб»©c sГЎt thЖ°ЖЎng hoГ n hбєЈo +%d%%
3126	TДѓng tб»· lб»‡ nhбє­n thГЄm vбє­t phбє©m +%d%%
3127	Thб»ќi gian sб»­ dб»Ґng 7 ngГ y
3128	KhГґng thб»ѓ giao dб»‹ch 2 lбє§n vбє­t phбє©m tЖ°ЖЎng б»©ng.
3129	HГЈy giao dб»‹ch lбєЎi, sau khi kбєїt thГєc thб»ќi gian sб»­ dб»Ґng.
3130	[%s-%d(Gold PvP) Server]
3131	[%s-%d(Gold) Server]
3132	TДѓng HP tб»‘i Д‘a +%d
3133	TДѓng SD tб»‘i Д‘a +%d
3134	TДѓng MP tб»‘i Д‘a +%d
3135	TДѓng AG tб»‘i Д‘a +%d
3136	BбєЈo hб»™ : %d
3137	Hб»—n nguyГЄn : %d
3138	Danh dб»± : %d
3139	LГІng tin : %d
3140	Experience hoekdeukryang 100%%
3141	Item deurapyul 100%%
3142	Stamina does not decrease over time.
3143	(Д‘ang sб»­ dб»Ґng)
3144	W Coin(P)
3145	My W Coin(P) : %s
3146	Дђб»ѓ mua vбє­t phбє©m cбє§n nбєЎp %%s .
3147	TбєЎi khu vб»±c giao Д‘бєҐu khГґng thб»ѓ sб»­ dб»Ґng.
3148	VЖ°б»Јt quГЎ sб»‘ zen cГі thб»ѓ chб»©a.
3149	Khi trong liГЄn minh Guild khГґng thб»ѓ gia nhбє­p Genus.
3150	Thiбєїt Binh
3151	Quyб»Ѓn VЖ°ЖЎng
3152	Thiбєїt Binh: Chiбєїn Binh HoГ ng Gia thuб»™c Karutan. Sб»­ dб»Ґng vГµ thuбє­t lГ m nДѓng lб»±c trб»Ќng tГўm vГ  bao tay Д‘б»ѓ chiбєїn Д‘бєҐu.
3153	Kб»№ nДѓng Ngб»Ќa Hб»• (Mana:%d)
3154	Kб»№ nДѓng MГЈnh Long (Mana:%d)
3155	Lб»±c tбєҐn cГґng cбє­n chiбєїn: %d%%
3156	Lб»±c tбєҐn cГґng hГ¬nh thб»ѓ: %d%%
3157	Lб»±c tбєҐn cГґng diб»‡n rб»™ng: %d%%
3158	Kб»№ nДѓng mЕ©i tГЄn PhЖ°б»Јng HoГ ng (Mana:%d)
3159	Chбєї TбєЎo VЕ© khГ­ rб»“ng cбєҐp 1
3160	 
3161	CГЎnh Season 8
3162	CГЎnh ex700 2.5
3163	CГЎnh cбєҐp 4
3164	CГЎnh cбєҐp 5
3165	VЕ© khГ­ rб»“ng 2
3166	SiГЄu CГЎnh CбєҐp 5
3167	SiГЄu CГЎnh CбєҐp 3
3168	VЕ© khГ­ rб»“ng cбєҐp 3
3169	Chбєї TбєЎo BГєa Archangels
3170	Chбєї TбєЎo SГіi Tinh - HoГ ng Kim
3171	Chбєї TбєЎo Thбє§n MГЈ 
3172	 
3173	 
3174	 
3175	 
3176	 
3177	 
3178	 
3179	 
3180	 
3181	 
3182	 
3183	 
3184	 
3185	 
3186	 
3187	 
3188	 
3189	 
3190	 
3191	 
3192	 
3193	 
3194	 
3195	 
3196	 
3197	 
3198	 
3199	 
3200	 
3201	 
3202	 
3203	 
3204	 
3205	 
3206	 
3207	 
3208	 
3209	 
3210	 
3211	 
3212	 
3213	 
3214	 
3215	 
3216	 
3217	 
3218	 
3219	 
3220	 
3221	 
3222	 
3223	 
3224	 
3225	 
3226	 
3227	 
3228	 
3229	 
3230	 
3231	 
3232	 
3233	 
3234	 
3235	 
3236	 
3237	 
3238	 
3239	 
3240	 
3241	 
3242	 
3243	 
3244	 
3245	 
3246	 
3247	 
3248	 
3249	TГ¬m cuб»™n giбєҐy yГЄu cбє§u
3250	%s cai
3251	%s thГЎng
3252	%s ngГ y
3253	%s giб»ќ
3254	%s phГєt
3255	%s Point
3256	%s %%
3257	%s Service
3258	%s giГўy
3259	%s Y/N
3260	%s khac
3261	%s Point
3262	%s Point/giГўy
3263	ID khГґng tб»“n tбєЎi.
3264	LoбєЎi tiб»Ѓn nГ y khГґng phГ№ hб»Јp. Vui lГІng chб»Ќn lбєЎi.
3265	NgГ y hбєїt hбєЎn
3266	Vбє­t phбє©m hбєїt hбєЎn
3267	Hб»“i phб»Ґc 65%% SD.
3268	XГЎc nhбє­n nб»™i dung nhiб»‡m vб»Ґ vГ  nhбєҐp vГ o vбє­t phбє©m.
3269	CбєҐp Д‘б»™ sб»­ dб»Ґng : 350 ~ 400
3270	Nбєїu mang Д‘бєїn cho Tersia thГ¬ cГі thб»ѓ nhбє­n tiб»Ѓn thЖ°б»џng.
3271	La Bot my cГі thб»ѓ nhбє­n tб»« Queen Rainer.
3272	LГ  viГЄn ngб»Ќc quГЅ hiбєїm Blood Queen location Д‘ang giб»Ї.
3273	LГ  ГЎo giГЎp Д‘ГЈ tб»«ng dГ№ng cho Tantalus.
3274	LГ  vбє­t phбє©m Д‘ГЈ tб»«ng tiГЄu diб»‡t kбє» ГЎm sГЎt Ashes.
3275	Nбєїu vб»©t xuб»‘ng Д‘бєҐt, bбєЎn cГі thб»ѓ nhбє­n Д‘Ж°б»Јc vЕ© khГ­ hoбє·c tiб»Ѓn.
3276	Nбєїu vб»©t xuб»‘ng Д‘бєҐt, bбєЎn cГі thб»ѓ nhбє­n Д‘Ж°б»Јc vбє­t phбє©m chб»‘ng Д‘б»Ў hoбє·c tiб»Ѓn.
3277	Nбєїu vб»©t xuб»‘ng Д‘бєҐt, bбєЎn cГі thб»ѓ nhбє­n Д‘Ж°б»Јc vГ© Д‘Дѓng nhбє­p, ngб»Ќc, hoбє·c tiб»Ѓn.
3278	ThГ nh viГЄn Genus Д‘б»‘i phЖ°ЖЎng x %lu/%lu
3279	KhГґng thб»ѓ nhбє­n thГЄm nhiб»‡m vб»Ґ. 
3280	Chб»‰ cГі thб»ѓ thб»±c hiб»‡n nhiб»‡m vб»Ґ mб»—i lбє§n
3281	lГ  10 .
3282	Sau khi chinh ly chi so nhiem vu 
3283	co the nhan.
3284	
3285	Karutan
3286	KhГґng thб»ѓ sб»­ dб»Ґng cГ№ng lГєc BГ№a may mбєЇn vГ  bГ№a kбєїt hб»Јp Chaos.
3287	CГі thб»ѓ tinh luyб»‡n hoбє·c hoГЎn Д‘б»•i bбє±ng item may mбєЇn.
3288	HoГЎn Д‘б»•i item may mбєЇn
3289	Tinh luyб»‡n item may mбєЇn
3290	Tб»• hб»Јp item may mбєЇn
3291	HГЈy Д‘бє·t vГ© vбє­t phбє©m vГ o.
3292	Chб»‰ tб»• hб»Јp vГ© vбє­t phбє©m.
3293	DГІng nhГўn vбє­t tб»• hб»Јp
3294	Vбє­t phбє©m cГі thб»ѓ ГЎp dб»Ґng Д‘Ж°б»Јc tбєЎo thГ nh.
3295	TrЖ°б»ќng hб»Јp dГІng nhГўn vбє­t  tб»• hб»Јp lГ  PhГ№ Thб»§y
3296	Vбє­t phбє©m dГ№ng cho PhГ№ Thб»§y Д‘Ж°б»Јc tбєЎo thГ nh.
3297	NhГўn vбє­t thб»±c hiб»‡n hoГЎn Д‘б»•i cГі thб»ѓ ГЎp dб»Ґng
3298	HoГЎn Д‘б»•i thГ nh vбє­t phбє©m
3299	BбєЎn muб»‘n hoГЎn Д‘б»•i?
3300	Sб»­ dб»Ґng Д‘ГЎ tinh luyб»‡n vГ  tinh luyб»‡n item may mбєЇn
3301	CГі thб»ѓ tб»• hб»Јp vб»›i tб»· lб»‡ nhбєҐt Д‘б»‹nh.
3302	Vбє­t phбє©m thб»­ tб»• hб»™p biбєїn mбє­t.
3303	Kбєїt hб»Јp cГі thб»ѓ khГґng thб»ѓ sб»­ dб»Ґng item ngay.
3304	Trang sб»©c may mбєЇn cГі thб»ѓ Д‘Ж°б»Јc tДѓng cЖ°б»ќng
3305	item may mбєЇn cГі thб»ѓ dГ№ng sб»­a chб»Їa Д‘б»™ bб»Ѓn
3306	Дђб»“ trang sб»©c cГі thб»ѓ mбєҐt ( sб»­a chб»Їa ) Д‘б»™ bб»Ѓn
3307	CГЎc loбєЎi Ngб»Ќc tб»• hб»Јp hay lГ  giбєЈi nГ©n
3308	CГі thб»ѓ
3309	HГЈy chб»Ќn Ngб»Ќc sбєЅ tб»• hб»Јp.
3310	HГЈy bбєҐm nГєt Tб»• hб»Јp
3311	HГЈy chб»Ќn Ngб»Ќc sбєЅ giбєЈi nГ©n
3312	Ngб»Ќc sinh mб»‡nh
3313	Ngб»Ќc sГЎng tбєЎo
3314	ДђГЎ hб»™ mб»‡nh
3315	ДђГЎ tбєЎo hГіa
3316	Ngб»Ќc hб»—n nguyГЄn
3317	ДђГЎ tinh luyб»‡n cбєҐp thбєҐp
3318	ДђГЎ tinh luyб»‡n cбєҐp cao
3319	Thбє­t ra  %s +%d
3320	BбєЎn muб»‘n giбєЈi nГ©n?
3321	Chat Genus On/Off
3322	Mб»џ thГ№ng Д‘б»“ mб»џ rб»™ng(K)
3323	ThГ№ng Д‘б»“ mб»џ rб»™ng
3324	CГі thб»ѓ bбє­t chб»©c nДѓng toГ n mГ n hГ¬nh.
3325	Thiбєїu Д‘iб»ѓm %d.
3326	KhГґng thб»ѓ thДѓng cбєҐp thГЄm.
3327	PhбєЈi Д‘ГЎp б»©ng Д‘б»§ tбєҐt cбєЈ Д‘iб»Ѓu kiб»‡n yГЄu cбє§u kб»№ nДѓng.
3328	# #CбєҐp tiбєїp theo :#
3329	# #Дђiб»Ѓu kiб»‡n yГЄu cбє§u :#
3330	Ban chat : %d
3331	Mб»Ґc Д‘Г­ch: %d
3332	PhГЎ hб»§y : %d
3333	TДѓng ma thuбє­t tб»‘i Д‘a, tб»‘i thiб»ѓu
3334	TДѓng tб»· lб»‡ sГЎt thЖ°ЖЎng chГ­ mбєЎng, ma thuбє­t tб»‘i Д‘a, tб»‘i thiб»ѓu
3335	Дђiб»ѓm kinh nghiб»‡m : %6.2f%%
3336	PhбєЈi sб»­ dб»Ґng trang bб»‹ can thiб»‡t trong kб»№ nДѓng thГ¬ cГі thб»ѓ thДѓng cбєҐp.
3338	Mб»џ thГ№ng Д‘б»“ mб»џ rб»™ng(H)
3339	ThГ№ng Д‘б»“ mб»џ rб»™ng
3340	BбєЎn muб»‘n di chuyб»ѓn Д‘бєїn kГЄnh cuб»‘i?
3341	Thiбєїu khoбєЈng trб»‘ng thГ№ng Д‘б»“ mб»џ rб»™ng.
3342	Thiбєїu khoбєЈng trб»‘ng vГ  cб»­a sб»• mб»џ rб»™ng.
3343	Sau khi mб»џ rб»™ng cГі thб»ѓ sб»­ dб»Ґng
3344	Dinh kem $ truoc chu: NГіi chuyб»‡n vб»›i thГ nh viГЄn Genus
3345	F6 : NГіi chuyб»‡n thГґng thЖ°б»ќng On/Off
3346	F7 : NГіi chuyб»‡n NhГіm On/Off
3347	F8 : NГіi chuyб»‡n Guild On/Off
3348	F9 : NГіi chuyб»‡n Genus On/Off
3349	ThГ№ng Д‘б»“/ nhГ  kho Д‘Ж°б»Јc mб»џ rб»™ng Д‘Ж°б»Јc tГЎi kбєїt nб»‘i thГ¬ cГі thб»ѓ sб»­ dб»Ґng.
3350	KhГґng thб»ѓ sб»­ dб»Ґng thГЄm.
3351	CГі thб»ѓ mб»џ rб»™ng nhГ  kho vГ  sб»­ dб»Ґng
3352	CГі thб»ѓ mб»џ rб»™ng thГ№ng Д‘б»“ vГ  sб»­ dб»Ґng.
3353	Sau khi sб»­ dб»Ґng Д‘Ж°б»Јc tГЎi kбєїt nб»‘i thГ¬ Д‘Ж°б»Јc sб»­ dб»Ґng
3354	
3355	TДѓng sinh mб»‡nh tб»‘i Д‘a +6%%
3356	GiбєЈm sГЎt thЖ°ЖЎng +6%%
3357	TДѓng Zen rЖЎi khi quГЎi vбє­t chбєїt +60%%
3358	Nhбє­n Д‘Ж°б»Јc Excellent Damage +15%%
3359	TДѓng tб»‘c Д‘б»™ tбєҐn cГґng +10
3360	TДѓng Mana tб»‘i Д‘a +6%%
3361	You need a 5 person party to enter this area.
3362	All party members must be of the same level for this area.
3363	Players with an Outlaw or Killer status cannot enter this area.
3364	 << Doppelganger entry level >> 
3365	Level#Basic#Advanced
3366	15#80#81#130#131#180#181#230#231#280#281#330#331#400
3367	10#60#61#110#111#160#161#210#211#260#261#310#311#400
3368	1#100#101#200
3369	Doppelganger will end because the competing party has not entered the event.
3370	
3371	
3372	
3373	
3374	
3375	What's going on? Do you wish to go to Acheron? I have to risk my life to get there. You must have the right price in your mind, right?
3376	What? You wanted to go to Acheron without a map? 
3377	The ships are full. Let's wait until we can go.
3378	Are you here to join the Arca War?
3379	1. Ask about the Arca War.
3380	2. Register for the Arca War (Guild master)
3381	3. Register to participate in the Arca War (Guild member)
3382	4. Exchange Trophies of Battle
3383	5. Enter the Arca War
3384	The Arca War started in the Acheron Conquest Alliance to save the spirits that fell because of Kundun's magic. However, it has grown into a fight in Arca when Duprian showed his evil intent to kill King Lax Milon the Great. 
3385	Successfully registered to participate in the Arca War. Please encourage your guild members to participate in the Arca War. 
3386	Successfully registered to participate in the Arca War. I wish you luck.
3387	You cannot participate. Only the guild master can register for the Arca War.
3388	You cannot participate. Only guilds with more than 10 members can participate in the Arca War. 
3389	I'm sorry. The maximum number of participants has been exceeded. We're no longer accepting registrations. Please try again next time.
3390	You have already registered. Please get ready for the Arca War.
3391	I'm sorry. The registration period has ended. Please try again next time.
3392	You cannot participate. You need a bundle of more than 10 Signs of Lord to participate in the Arca War.
3393	You cannot participate in the Arca War. You're not a guild member of a registered guild.
3394	You have already registered. Please get ready for the Arca War.
3395	I'm sorry. The maximum number of participants has been exceeded. We're no longer accepting registrations. The maximum number of participants per guild is 20.
3396	I'm sorry. The registration period has ended. Please try again next time.
3397	You have already registered. The Guild master is automatically registered.
3398	You cannot participate in the Arca War. Please register for the Arca War first.
3399	The Arca War is not going on at the moment. Please enter during the Arca War.
3400	View Details
3401	My Quests
3402	Life
3403	Attack Power (Rate)
3404	Attack Speed
3405	Leadership available
3406	General
3407	System
3408	Chatting
3409	AM/PM
3410	Rating
3411	2nd
3412	Event Entry Time
3413	Event Entry Level
3414	Chaos Castle (PC)
3415	Help
3416	Hot Key
3417	Chatting Mode Hot Key
3418	Feature
3419	Explanation
3420	X
3421	In-game Shop
3422	C
3423	Character
3424	I
3425	Inventory
3426	T
3427	Quest
3428	Community
3429	System
3430	View Map
3431	Etc.
3432	Guild Mark
3433	Choose color
3434	Guild Score
3435	Guild Members
3436	Choose Hostility Guild
3437	Suspend hostilities
3438	Score : 
3439	People
3440	Normal Guild Members
3441	F1
3442	M
3443	O
3444	U
3445	Move
3446	F
3447	P
3448	G
3449	B
3450	System Menu
3451	Expanded Inventory
3452	You must purchase Expanded Inventory first.
3453	Inventory
3454	Store Name
3455	%sZen required
3456	%d pieces combined
3457	Enter
3458	Entrance Fee
3459	Proceed with quest
3460	NPC Quest
3461	Register Guild
3462	Trade Target
3463	Name
3464	Price
3465	Trade
3466	You cannot do this during the Arca War event.
3467	Improper items for combination/refinement 
3468	4th Wings Create.
3469	 
3470	 
3471	 
3472	 
3473	 
3474	 
3475	 
3476	 
3477	 
3478	 
3479	 
3480	 
3481	 
3482	 
3483	 
3484	 
3485	 
3486	 
3487	 
3488	 
3489	 
3490	Exiting Game.
3491	Moving back to server selection window.
3492	Moving to safety.
3493	Moving back to character selection window.
3494	Moving to another area.
3495	 
3496	 
3497	 
3498	 
3499	 
3500	SДѓn bбєЇn
3501	Nhбє­n Д‘Ж°б»Јc
3502	Thiбєїt lбє­p
3503	LЖ°u Thiбєїt Lбє­p
3504	Khб»џi tбєЎo
3505	ThГЄm
3506	XГіa
3507	BГ¬nh thuб»‘c
3508	KhoбєЈng cГЎch tбєҐn cГґng rб»™ng
3509	TбєҐn cГґng xung quanh
3510	Delay
3511	Con
3512	Combo
3513	KГ­ch hoбєЎt Buff
3514	Sб»­ dб»Ґng QuбєЎ Tinh
3515	Buff NhГіm
3516	Дђiб»Ѓu trб»‹
3517	RГєt Sinh mб»‡nh
3518	Sб»­a chб»Їa vбє­t phбє©m
3519	Chб»Ќn tбєҐt cбєЈ vбє­t phбє©m
3520	Lб»±a chб»Ќn vбє­t phбє©m
3521	Jewel/Gem
3522	Set Item
3523	Zen
3524	MГіn Д‘б»“ HoГ n HбєЈo
3525	ThГЄm item bб»• sung
3526	PhбєЎm vi
3527	KhoбєЈng cГЎch
3528	GiГўy
3529	Skill cЖЎ bбєЈn
3530	KГ­ch hoбєЎt Skill 1
3531	KГ­ch hoбєЎt Skill 2
3532	PhбєЎm vi
3533	Kбєїt thГєc tбєҐn cГґng
3534	Tб»± Д‘б»™ng tбєҐn cГґng
3535	TбєҐn cГґng cГ№ng vб»›i nhau
3536	Hб»‡ thб»‘ng hб»— trб»Ј MU
3537	ДђЖ°б»Јc sб»­ dб»Ґng chб»©c nДѓng mб»џ rб»™ng
3538	KhГґng cГі chб»©c nДѓng mб»џ rб»™ng Д‘Ж°б»Јc sб»­ dб»Ґng
3539	Hб»— trб»Ј Buff trong nhГіm
3540	Thб»ќi gian Buff cho cГЎc thГ nh viГЄn
3541	LЖ°u thiбєїt lбє­p
3542	Khб»џi tбєЎo
3543	Pre-con
3544	Sub-con
3545	Tб»± Д‘Гґng tДѓng mГЎu
3546	Tб»± Д‘б»™ng Д‘iб»Ѓu trб»‹
3547	TrбєЎng thГЎi HP
3548	Hб»— trб»Ј Д‘iб»Ѓu trб»‹
3549	Hб»— trб»Ј Buff 
3550	LЖ°б»Јng HP cб»§a cГЎc thГ nh viГЄn
3551	KhoбєЈng thб»ќi gian Buff
3552	KГ­ch hoбєЎt kб»№ nДѓng
3553	Tб»± Д‘б»™ng hб»“i
3554	NhГіm
3555	QuГЎi vбє­t trong phбєЎm vi tбєҐn cГґng
3556	QuГЎi vбє­t tбєҐn cГґng mГ¬nh
3557	ThГЄm hЖЎn 2mobs
3558	ThГЄm hЖЎn 4 mobs
3559	ThГЄm hЖЎn 6 mobs
3560	ThГЄm hЖЎn 8 mobs
3561	Thiбєїt lбє­p hб»‡ thб»‘ng hб»— trб»Ј MU
3562	BбєЇt Д‘бє§u sб»­ dб»Ґng hб»‡ thб»‘ng hб»— trб»Ј MU
3563	Ngб»«ng hб»‡ thб»‘ng hб»— trб»Ј MU
3564	Trong trЖ°б»ќng hб»Јp hб»§y bб»Џ kб»№ nДѓng cЖЎ bбєЈn vГ  kб»№ nДѓng kГ­ch hoбєЎt 1&2, kб»№ nДѓng combo khГґng thб»ѓ sб»­ dб»Ґng Д‘Ж°б»Јc.
3565	Дђб»ѓ sб»­ dб»Ґng kб»№ nДѓng Combo, Kб»№ nДѓng cЖЎ bбєЈn vГ  kб»№ nДѓng kГ­ch hoбєЎt nГЄn Д‘Ж°б»Јc Д‘Дѓng kГЅ Д‘бє§u tiГЄn
3566	Delay vГ  Дђiб»Ѓu kiб»‡n Thiбєїt Lбє­p BбєЈng Дђiб»Ѓu Khiб»ѓn khГґng thб»ѓ sб»­ dб»Ґng Д‘Ж°б»Јc kб»№ nДѓng Combo
3567	Nhбє­p tГЄn vбє­t phбє©m bб»• sung
3568	TrГ№ng tГЄn cб»§a mб»™t vбє­t phбє©m trong danh sГЎch
3569	Kб»№ nДѓng nГ y Д‘ГЈ Д‘Ж°б»Јc Д‘Дѓng kГЅ. CГі thб»ѓ hб»§y bб»Џ kб»№ nДѓng bбє±ng cГЎch nhбєҐn vГ o chuб»™t phбєЈi.
3570	Lб»±a chб»Ќn vбє­t phбє©m cГі thб»ѓ Д‘Ж°б»Јc thГЄm vГ o phбє§n tб»‘i Д‘a %d mбєЈnh
3571	Danh sГЎch vбє­t phбє©m thГЄm lб»±a chб»Ќn lГ  lГ m trб»‘ng
3572	KhГґng cГі vбє­t phбє©m Д‘Ж°б»Јc chб»Ќn
3573	BбєҐt kб»і kГЅ tб»± theo cбєҐp Д‘б»™ %d khГґng thб»ѓ sб»­ dб»Ґng hб»‡ thб»‘ng hб»— trб»Ј MU.
3574	Hб»‡ thб»‘ng hб»— trб»Ј MU chб»‰ Д‘Ж°б»Јc sб»­ dб»Ґng trong lД©nh vб»±c
3575	De su dung he thong ho tro MU, vui long dong thung do ca nhan
3576	De su dung he thong ho tro MU, vui long dong cua so huong dan
3577	De su dung he thong ho tro MU, vui long hoc ky nang
3578	Hб»‡ thб»‘ng hб»— trб»Ј MU chГ­nh thб»©c hoбєЎt Д‘б»™ng.
3579	Hб»‡ thб»‘ng hб»— trб»Ј MU Д‘ГЈ Д‘Гіng.
3580	Thiбєїp lбє­p hб»‡ thб»‘ng hб»— trб»Ј MU Д‘ГЈ Д‘Ж°б»Јc lЖ°u.
3581	KhГґng thб»ѓ sб»­ dб»Ґng hб»‡ thб»‘ng hб»— trб»Ј MU trong khu vб»±c nГ y.
3582	Mб»—i 5 phГєt sб»­ dб»Ґng hб»‡ thб»‘ng hб»— trб»Ј MU lГ  bбєЎn bб»‹ mбєҐt mб»‘t sб»‘ lЖ°б»Јng Zen
3583	Thб»ќi gian %d PhГєt/
3584	Thб»ќi gian %d PhГєt/ Thб»ќi gian Zen? %d ДђГ o tбєЎo / Chi phГ­ %d zen(s)
3585	Thб»ќi gian %d giб»ќ %d phГєt/ Thб»ќi gian Zen  %d ДђГ o tбєЎo / Chi phГ­ %d zen(s)
3586	%d zen(s) Д‘ГЈ Д‘Ж°б»Јc sб»­ dб»Ґng khi sб»­ dб»Ґng hб»‡ thб»‘ng hб»— trб»Ј MU
3587	KhГґng Д‘б»§ Zen Д‘б»ѓ sб»­ dб»Ґng hб»‡ thб»‘ng hб»— trб»Ј MU
3588	Дђб»ѓ sб»­ dб»Ґng Д‘Ж°б»Јc hб»‡ thб»‘ng hб»— trб»Ј MU, hГЈy cГ i Д‘бє·t б»©ng dб»Ґng bб»• sung Д‘бє§u tiГЄn
3589	Hб»‡ thб»‘ng hб»— trб»Ј MU Д‘ГЈ bб»‹ Д‘Гіng do vЖ°б»Јt quГЎ %d giб»ќ
3590	Other Settings
3591	Auto accept - Friend
3592	Auto accept - Guild Member
3593	PVP Counterattack
3594	Use Elite Mana Potion
3595	Unable to use if you have not spent points on your master skill tree. 
3596	The master skill point will reset. 
3597	Do you want to reset?
3598	The first tree
3599	<Protection, Tranquility, Blessing, Divine, Resilience, Conviction, Resolution>
3600	The game will restart after reset!
3601	The second tree
3602	<Valor, Wisdom, Salvation, Chaos, Determination, Justice, Volition> 
3603	The third tree
3604	<Rage, Transcendence, Storm, Honor, Ultimacy, Conquest, Destruction>
3605	Reset all master skill trees
3606	Help is active
3607	Spirit Map Combination
3608	Trophies of Battle Combination
3609	Improper items for combination
3610	%s : %d%%
3611	Combination Available
3612	[Combine] %d Level
3613	You need ( %d~%d ) number of Trophies of Battle
3614	Success rate of combination
3615	Success rate of combination: Minimum %d%%, Increase by %d%% 
3616	Entering Acheron
3617	You can enter Acheron or combine Entrance Items.
3618	Participating guild member status
3619	Currently, %d people are registered to participate.
3620	You're not in a guild.
3621	You can only participate in the Arca War if you're in a guild.
3622	Register to participate in the Arca War (Guild member)
3623	In order to proceed with the Arca War, the guild master must complete registration to the Arca War.
3624	The Arca War is not going on at the moment.
3625	Please wait until the next Arca War.
3626	You cannot enter because you don't have a Spirit Map.
3627	You need a Spirit Map to enter Acheron.
3628	Need more guild members to register for the Arca War.
3629	Minimum participants: %d, Participants: %d 
3630	Cancel participation in the Arca War.
3631	You don't have enough people participating in the Arca War in your guild. Participation in the Arca War has been cancelled.
3632	Acheron
3633	Arca War
3634	Arca War results
3635	Are you going to participate in the Arca War?
3636	Congratulations. You have successfully conquered Obelisk. 
3637	Sorry! Please conquer Obelisk on your next try.
3638	Fire Tower
3639	Water Tower
3640	Earth Tower
3641	Wind Tower
3642	Darkness Tower
3643	Gain Contribution
3644	Achieved Kill Point
3645	Obtain Trophies of Battle
3646	Rewarded EXP
3647	No conquered guild
3648	%s guild conquered
3649	%d points
3650	%d Pieces
3651	 
3652	 
3653	 
3654	 
3655	 
3656	 
3657	 
3658	 
3659	 
3660	 
3661	Pentagram item
3662	Slot of Anger (1)
3663	Slot of Blessing (2)
3664	Slot of Integrity (3)
3665	Slot of Divinity (4)
3666	Slot of Gale (5)
3667	None
3668	No information regarding Errtel. (DB:%d)
3669	Errtel List does not exist. (DB:%d)
3670	%s-%d Rank
3671	%d Rank Errtel
3672	%d Rank Option +%d
3673	Option number (%d)
3674	Errtel information does not exist or is incorrect. (%d)
3675	Element Master Adniel
3676	You can refine Pentagram items or upgrade Errtel.
3677	Elemental items refinement/combination
3678	Errtel Level up
3679	Errtel Rank up
3680	Pentagram Item %d
3681	%s %d
3682	Elemental items refinement/combination
3683	Errtel Level Upgrade
3684	Errtel Rank Upgrade
3685	Refinement/Combination
3686	Upgrade
3687	Upgrade
3688	Move the item in the inventory area and close the combination window.
3689	[Mithril Fragment Refinement]
3690	[Elixir Fragment Refinement]
3691	[Errtel Combination]
3692	[Pentagram item Combination]
3693	1 Errtel
3694	1 Errtel (Active rank +7 or more)
3695	Set item +7 or more, additional options +4 or more. %d
3696	Do you want to refine/combine items?
3697	Elemental items refinement/combination
3698	Do you want to upgrade the level for the following Errtel? (Warning : Items may disappear.)
3699	Errtel Level Upgrade
3700	Do you want to upgrade the rank for the following Errtel? (Warning : Items may disappear.)
3701	Errtel Rank Upgrade
3702	There's not enough materials for item refinement/combination.
3703	You don't have enough materials for an upgrade.
3704	Combination window is already open. [0x%02X]
3705	You cannot combine while personal store is open. [0x%02X]
3706	Combination script does not match. [0x%02X]
3707	The item properties do not match for combination. Cannot combine items.
3708	Not enough material items for combination.
3709	Not enough Zen to combine items.
3710	Combination failed. Item has disappeared.
3711	Upgrade failed.
3712	Refinement/Combination failed.
3713	(Fire element)
3714	(Water element)
3715	(Earth element)
3716	(Wind element)
3717	(Darkness element)
3718	Invalid elements. (%d)
3719	%d Rank
3720	Do you want to equip the selected Errtel on the Pentagram?
3721	When you take an Errtel out of the Pentagram, it may disappear. Do you still want to take it out?
3722	You cannot equip the selected item. Please equip the valid Errtel for the slot.
3723	There already is an equipped Errtel. Please disassemble the equipped Errtel and try again.
3724	Cannot equip. The Errtel that you want to equip and the Pentagram have different elements. Please equip the correct Errtel.
3725	You can only equip or take out Errtels in your inventory. Please move the Pentagram in your inventory and try again.
3726	Your inventory is full. Cannot take out the Errtel. Please empty your inventory and try again.
3727	Pentagram item trade limits have been exceeded. Cannot trade.
3728	You have more than 255 Errtels equipped on the Pentagram item you own.
3729	Errtel has been successfully equipped.
3730	Unequip has failed. The Errtel was destroyed.
3731	Errtel has been successfully unequipped.
3732	Confirm equipping of Errtel
3733	Confirm unequipping of Errtel
3734	You cannot use the Elemental Chaos Assembly Talisman  and the Elemental Talisman of Luck together.
3735	Congratulations. Combination successful.
3736	Congratulations. Upgrade successful.
3737	(Fire element)
3738	(Water element)
3739	(Earth element)
3740	(Wind element)
3741	(Darkness element)
3742	You cannot use the following feature in this area. 
3743	An error has occurred in the following feature.
3744	You cannot combine while personal store is open.
3745	 
3746	 
3747	 
3748	 
3749	 
3750	Warning
3751	You cannot restore a deleted character!!
3752	(General items and cash items are not recoverable)
3753	You cannot use this while the same buff and seals last for 6 hours or more.
3754	Client file has been corrupted. Please reinstall the client again.
3755	Monster wings
3756	Monster wings ingredient
3757	Socket items
3758	Item Refinement
3759	Sub-materials %d
3760	Parent-materials %d
3761	I can feel the power of barrier. If you want to enter Idas Barrier area, click the enter button on the left. In order to repair the durability of a pick, you must use a jewel.
3762	If you want to repair, click the cancel button on the right. Then, enhance it with various jewels. The jewels that can be repaired are Jewel of Bless, Jewel of Soul, Jewel of Creation, and Jewel of Chaos (including bunches).
3763	Only Level 170 and above may enter.
3764	You cannot attack.
3765	Use skills closely
3766	јєБЦАЗ ЗҐЅД µо·П ЗцИІ
3767	јєБЦАЗ ЗҐЅД µо·П јшА§
3768	µо·П °іјц
3769	їмё® ±жµе ЗцИІ
3770	µЪ·О°Ў±в
3771	µо·П °ЎґЙ
3772	µо·П єТ°Ў
3773	µо·ПЗТ јєБЦАЗ ЗҐЅД °іјц : %d°і
3774	µо·ПЗТ јєБЦАЗ ЗҐЅДА» Б¶ЗХГўїЎ їГ·ББЦјјїд.
3775	јєБЦАЗ ЗҐЅДАє ЗС№шїЎ ГЦґл 225°і±оБц µо·ПЗТ јц АЦЅАґПґЩ.
3776	µо·ПµИ јєБЦАЗ ЗҐЅД °іјц: %d°і
3777	јєБЦАЗ ЗҐЅД µо·П
3778	јєБЦАЗ ЗҐЅДА» µо·ПЗПЅГ°ЪЅАґП±о?
3779	јєБЦАЗ ЗҐЅД µо·ПАМ їП·бµЗѕъЅАґПґЩ.
3780	јєБЦАЗ ЗҐЅД µо·ПАМ ЅЗЖРЗПїґЅАґПґЩ.
3781	јУјє
3782	ЖЗЕё±Ч·Ґ Б¤єё
3783	Аб±Э
3784	ЗШБ¦
3785	Аыґл±жµеё¦ ЗШБ¦ЗТ ±жµеёнА» ј±ЕГЗШ БЦјјїд
3786	±жµеё¦ Аыґл±жµеїЎј­ ЗШБ¦ЗПЅГ°ЪЅАґП±о?
3787	ј­№ц
3788	ESC
3789	20ѕпБЁ АМ»у Гв±Э єТ°Ў
3790	АьГјјцё®єсїл
3791	ЗШґз ±жµе°Ў БёАзЗПБц ѕКЅАґПґЩ
3792	°Е·Ў ЅВАО ґл±вБЯ
3808	You can purchase it after a while.
3809	You can gift it after a while.
3810	Arkania
3811	Acheron
3812	Debenter
3813	Urk Montain
3814	Ferea
3815	Team vs Team
3816	Nars
3817	Nixie Lake
3818	Deep Dungeon1
3819	Deep Dungeon2
3820	Deep Dungeon3
3821	Deep Dungeon4
3822	Kubera Mine
3823	Swamp Of Darkness
3824	Scotch Canyon
3825	Boss Guild
3826	Chiбєїn TrЖ°б»ќng Cб»•
3827	CГґng ThГ nh Chiбєїn
